0,0,0,0,0,0,0,0,0,0,0,0,0,0,0,0,0,0,0,0,0,0,0,0,0,0,0,0,0,0,0,0,0,0,0,0,0,0,0,0,0,0,0,0,0,0,0,0,0,0,0,0,0,0,0,0,0,0,0,0,0,0,0,0,0
0,1.24267595203e-07,3.65207433825e-07,5.91746303495e-07,7.27069998946e-07,7.37572139112e-07,6.14976398929e-07,3.63417509859e-07,-8.35054605459e-09,-4.91204775433e-07,-1.07767485492e-06,-1.76260554504e-06,-2.54301814916e-06,-3.41753435003e-06,-4.38559980872e-06,-5.44665850193e-06,-6.59936748592e-06,-7.84089896375e-06,-9.16634863288e-06,-1.05682535566e-05,-1.20362164682e-05,-1.35566335844e-05,-1.5112526868e-05,-1.66834868147e-05,-1.82457364232e-05,-1.97723298936e-05,-2.12335002294e-05,-2.25971681941e-05,-2.38296211193e-05,-2.48963640931e-05,-2.57631382901e-05,-2.63970917656e-05,-2.67680770867e-05,-2.68500378846e-05,-2.66224331646e-05,-2.60716346744e-05,-2.51922198498e-05,-2.39880717384e-05,-2.2473189739e-05,-2.06721134615e-05,-1.86198690001e-05,-1.63613647034e-05,-1.39501936947e-05,-1.14468430847e-05,-8.9163630185e-06,-6.42560773877e-06,-4.04021834308e-06,-1.82156348842e-06,1.76119910467e-07,1.90814709842e-06,3.34116448138e-06,4.45415303811e-06,5.23861574002e-06,5.6980170101e-06,5.84665372398e-06,5.70824296499e-06,5.31460780846e-06,4.70493025914e-06,3.92612132352e-06,3.03490850129e-06,2.10212316486e-06,1.21883701621e-06,5.005995806e-07,7.45333256209e-08,0
0,2.44936832063e-07,6.13080444141e-07,8.76966279992e-07,9.03320171735e-07,6.24226033535e-07,1.47895640736e-08,-9.24876084325e-07,-2.18268476838e-06,-3.742954971e-06,-5.59105694747e-06,-7.71535108209e-06,-1.01073113251e-05,-1.27605407514e-05,-1.56692042098e-05,-1.88262460168e-05,-2.22216340485e-05,-2.58407758098e-05,-2.96631851557e-05,-3.36614365492e-05,-3.78004218732e-05,-4.20369169189e-05,-4.63194648332e-05,-5.05885869155e-05,-5.47773334374e-05,-5.88121863596e-05,-6.26143210299e-05,-6.6101225307e-05,-6.91886627473e-05,-7.17929524371e-05,-7.38335225605e-05,-7.52356784881e-05,-7.59335094474e-05,-7.58728409566e-05,-7.5014123492e-05,-7.33351319285e-05,-7.08333364115e-05,-6.75277935478e-05,-6.34603998172e-05,-5.8696350199e-05,-5.33236577239e-05,-4.7451617776e-05,-4.12081477483e-05,-3.47359997635e-05,-2.81879303708e-05,-2.17210110049e-05,-1.54903662348e-05,-9.64271852934e-06,-4.31018073152e-06,3.95246561786e-07,4.3860585747e-06,7.602203045e-06,1.00124651024e-05,1.16143401121e-05,1.24326763147e-05,1.25175827618e-05,1.1942275965e-05,1.08016453261e-05,9.21229287412e-06,7.31452551829e-06,5.2760038294e-06,3.29506814099e-06,1.59879206379e-06,4.27480435525e-07,0
0,2.28149797854e-07,4.77068303452e-07,4.91964699247e-07,1.24373826374e-07,-7.03479225451e-07,-2.02266380235e-06,-3.83590582223e-06,-6.13122739428e-06,-8.89113305655e-06,-1.20979277112e-05,-1.57359935739e-05,-1.97918946627e-05,-2.42530875864e-05,-2.91058702724e-05,-3.4333042468e-05,-3.9911608712e-05,-4.58107379705e-05,-5.19901077943e-05,-5.8398702774e-05,-6.49741019267e-05,-7.16422705824e-05,-7.83178624162e-05,-8.49050307368e-05,-9.12987410717e-05,-9.73865675698e-05,-0.000103050943559,-0.00010817182266,-0.000112629692554,-0.000116308870104,-0.000119100994937,-0.000120908628943,-0.000121648861234,-0.0001212568111,-0.000119688914632,-0.000116925873553,-0.000112975137822,-0.000107872784867,-0.000101684650734,-9.45065648163e-05,-8.64635439424e-05,-7.77078182815e-05,-6.84155959667e-05,-5.87825302118e-05,-4.90179343042e-05,-3.9337894365e-05,-2.99575493127e-05,-2.10829272547e-05,-1.29028266837e-05,-5.58128554845e-06,7.48829900565e-07,5.99067455985e-06,1.00864386404e-05,1.30184822256e-05,1.48088107879e-05,1.55173678084e-05,1.52398209483e-05,1.41056069378e-05,1.2276902213e-05,9.9488088077e-06,7.35031596749e-06,4.74464094042e-06,2.42723571396e-06,7.23072947696e-07,0
0,1.16819682459e-07,6.82651575262e-08,-3.82216302764e-07,-1.3699926885e-06,-2.96390893013e-06,-5.18992401402e-06,-8.04827971751e-06,-1.15258011957e-05,-1.56039892199e-05,-2.02635140547e-05,-2.5485846556e-05,-3.1252817001e-05,-3.75448462221e-05,-4.4338481124e-05,-5.16037275602e-05,-5.93015370201e-05,-6.73816863873e-05,-7.57811987871e-05,-8.4423387757e-05,-9.32175619374e-05,-0.000102059396802,-0.000110831957526,-0.000119407338396,-0.000127648866843,-0.000135413803749,-0.00014255645717,-0.000148931615409,-0.000154398198799,-0.000158823027989,-0.000162084609679,-0.000164076847125,-0.000164712590586,-0.000163926949842,-0.000161680294973,-0.000157960871626,-0.000152786952662,-0.000146208436367,-0.000138307785556,-0.000129200184176,-0.000119032772538,-0.000107982814749,-9.6254659755e-05,-8.40753886386e-05,-7.16891026034e-05,-5.93499021455e-05,-4.73137353985e-05,-3.58294404414e-05,-2.51294500995e-05,-1.54207380832e-05,-6.8766300421e-06,3.69942501276e-07,6.2313116849e-06,1.06678623663e-05,1.36888136568e-05,1.5351346875e-05,1.57586522831e-05,1.50575662982e-05,1.34364056432e-05,1.11233624284e-05,8.38551117337e-06,5.52851155152e-06,2.89855379383e-06,8.9321539061e-07,0
0,-5.49220596429e-08,-5.31847242298e-07,-1.61513129436e-06,-3.40429653879e-06,-5.94373398806e-06,-9.24397366021e-06,-1.32965582867e-05,-1.80839545462e-05,-2.35854433397e-05,-2.97797788691e-05,-3.66453954915e-05,-4.41589258723e-05,-5.22927270638e-05,-6.10120004123e-05,-7.02719610558e-05,-8.00153855332e-05,-9.01707554786e-05,-0.000100651126673,-0.000111353784761,-0.0001221606974,-0.000132939732438,-0.000143546579211,-0.000153827283137,-0.000163621282568,-0.000172764822455,-0.000181094613084,-0.000188451604752,-0.000194684760366,-0.00019965472581,-0.000203237320111,-0.000205326790589,-0.000205838799181,-0.000204713121975,-0.000201916052089,-0.000197442495525,-0.000191317740136,-0.00018359885683,-0.000174375662299,-0.000163771136119,-0.000151941145824,-0.000139073297793,-0.000125384708217,-0.000111118488276,-9.65387730884e-05,-8.19242054281e-05,-6.75599172083e-05,-5.37282275276e-05,-4.06984741643e-05,-2.87165789063e-05,-1.79950702673e-05,-8.70430774518e-06,-9.65546559259e-07,5.15374178615e-06,9.6421801342e-06,1.2544629729e-05,1.39606369696e-05,1.40418117082e-05,1.29887977558e-05,1.10484582094e-05,8.51196431498e-06,5.71504955237e-06,3.0434768483e-06,9.5062007062e-07,0
0,-2.66621610634e-07,-1.26854456373e-06,-3.11387766811e-06,-5.84785974476e-06,-9.4772520652e-06,-1.39880510927e-05,-1.93571210293e-05,-2.55589122702e-05,-3.25683852402e-05,-4.03611392418e-05,-4.89116415478e-05,-5.81903435584e-05,-6.81603435802e-05,-7.87741151286e-05,-8.99706803183e-05,-0.000101673482877,-0.000113789111017,-0.000126206936941,-0.00013879967355,-0.000151424795632,-0.000163926729408,-0.000176139679902,-0.000187890941029,-0.000199004520397,-0.000209304910833,-0.000218620853745,-0.000226788963957,-0.000233657118433,-0.000239087548352,-0.000242959610827,-0.000245172249296,-0.000245646176958,-0.000244325833095,-0.000241181166152,-0.000236209289024,-0.000229436032775,-0.000220917392817,-0.000210740817897,-0.000199026238801,-0.00018592667343,-0.000171628182981,-0.000156348899391,-0.000140336809726,-0.000123865985503,-0.000107231002153,-9.07394205435e-05,-7.47024024525e-05,-5.9423789322e-05,-4.51882484294e-05,-3.22493213723e-05,-2.08183285552e-05,-1.10550399206e-05,-3.06080702012e-06,3.12549408558e-06,7.52875591197e-06,1.02365725136e-05,1.13964735437e-05,1.1212272674e-05,9.94045144283e-06,7.88773626551e-06,5.41164020335e-06,2.92700273571e-06,9.2343733547e-07,0
0,-5.06616817489e-07,-2.10534019263e-06,-4.81104014285e-06,-8.60019998617e-06,-1.34310777957e-05,-1.92574180376e-05,-2.60361279262e-05,-3.37301265349e-05,-4.23077057091e-05,-5.17396326817e-05,-6.19950381674e-05,-7.30369245685e-05,-8.48179194165e-05,-9.72767059793e-05,-0.000110335398357,-0.000123897997273,-0.000137849962658,-0.000152058863182,-0.000166376003986,-0.000180638887346,-0.000194674325626,-0.000208302003088,-0.000221338275391,-0.000233600004342,-0.000244908250429,-0.00025509168391,-0.000263989622252,-0.000271454651829,-0.000277354839717,-0.000281575582558,-0.000284021170759,-0.000284616165924,-0.000283306696678,-0.000280061772742,-0.000274874698323,-0.000267764637165,-0.000258778342308,-0.000247992011764,-0.000235513168394,-0.00022148238846,-0.000206074621628,-0.000189499762205,-0.000172002059765,-0.000153857916235,-0.000135371631962,-0.000116868762747,-9.86869540823e-05,-8.11644274984e-05,-6.46266726569e-05,-4.93722734975e-05,-3.56590660446e-05,-2.36918933142e-05,-1.36130406378e-05,-5.49603121358e-06,6.57062526818e-07,4.91515041192e-06,7.41526032528e-06,8.35830077978e-06,8.00465169695e-06,6.67099451575e-06,4.73015490319e-06,2.6162470693e-06,8.37723365846e-07,0
0,-7.67685356865e-07,-3.0162462653e-06,-6.6547275778e-06,-1.15797683682e-05,-1.76925588298e-05,-2.49084027437e-05,-3.31599081778e-05,-4.23954073971e-05,-5.2574282947e-05,-6.36606991922e-05,-7.56169473877e-05,-8.83972876239e-05,-0.000101942862579,-0.000116177996856,-0.000131007995349,-0.000146318412609,-0.000161975670628,-0.000177828840121,-0.000193712358834,-0.000209449433922,-0.000224855863457,-0.000239744016506,-0.000253926733564,-0.000267220948686,-0.000279450887743,-0.000290450757998,-0.000300066905905,-0.000308159476374,-0.000314603652961,-0.00031929059192,-0.000322128182844,-0.000323041775465,-0.000321975007549,-0.000318890854238,-0.000313772993195,-0.000306627546493,-0.000297485221945,-0.000286403826401,-0.000273471061383,-0.000258807434404,-0.000242569026029,-0.000224949745961,-0.0002061826004,-0.000186539396882,-0.000166328262968,-0.000145888393111,-0.000125581607291,-0.000105780633641,-8.68545035329e-05,-6.91519988803e-05,-5.29845832211e-05,-3.86105178969e-05,-2.62217880863e-05,-1.59350220571e-05,-7.78689200831e-06,-1.7337316755e-06,2.34551882246e-06,4.64433100809e-06,5.42305334345e-06,5.00438284354e-06,3.77141743442e-06,2.16972532166e-06,7.14240310957e-07,0
0,-1.0444347069e-06,-3.98039791624e-06,-8.601335285e-06,-1.47157300575e-05,-2.21613241744e-05,-3.08103549471e-05,-4.05678219001e-05,-5.1365023729e-05,-6.31504966756e-05,-7.58801658899e-05,-8.9508087001e-05,-0.000103978691442,-0.000119221025297,-0.000135145132048,-0.000151640490013,-0.000168576266326,-0.000185803068492,-0.000203155838218,-0.000220457523315,-0.000237523173653,-0.000254164134368,-0.000270192053555,-0.000285422481338,-0.000299677908063,-0.000312790164904,-0.000324602182836,-0.00033496916892,-0.000343759307517,-0.000350854126267,-0.000356148682984,-0.000359551732055,-0.000360986021055,-0.000360388853312,-0.000357713033072,-0.000352928285244,-0.000346023210315,-0.000337007807739,-0.000325916562718,-0.00031281204047,-0.000297788861595,-0.000280977836433,-0.000262549912318,-0.000242719438946,-0.000221746098606,-0.000199934711364,-0.00017763206198,-0.000155219973311,-0.000133104137712,-0.000111698748081,-9.14077023603e-05,-7.26039424042e-05,-5.5609092124e-05,-4.06757342281e-05,-2.79742784797e-05,-1.75855036416e-05,-9.49876779532e-06,-3.61490566694e-06,2.47802553025e-07,2.34644319758e-06,3.00682557625e-06,2.61881789512e-06,1.63447887203e-06,5.68682535296e-07,0
0,-1.33193609212e-06,-4.97879130756e-06,-1.06108375108e-05,-1.79424591267e-05,-2.67435670994e-05,-3.68401977518e-05,-4.81074553986e-05,-6.04578105204e-05,-7.3827417972e-05,-8.81626078688e-05,-0.000103408086213,-0.000119497753087,-0.000136348491504,-0.000153856857563,-0.000171898328273,-0.000190328618714,-0.000208986529373,-0.00022769779265,-0.000246279429714,-0.000264544191933,-0.000282304738908,-0.000299377293898,-0.000315584612165,-0.000330758191352,-0.000344739737899,-0.000357381972813,-0.000368548909656,-0.000378115766392,-0.000385968682383,-0.000392004406691,-0.00039613010892,-0.000398263444651,-0.000398332988552,-0.00039627913249,-0.000392055533343,-0.000385631173657,-0.000376993088424,-0.00036614979284,-0.000353135413577,-0.000338014469874,-0.00032088716098,-0.000301894884696,-0.000281225533919,-0.000259117900391,-0.000235864281793,-0.000211810191857,-0.000187349997964,-0.000162917466293,-0.000138970683235,-0.000115971676913,-9.43621758291e-05,-7.45380259675e-05,-5.68254405001e-05,-4.14621377088e-05,-2.8585467521e-05,-1.82281306348e-05,-1.03205775183e-05,-4.69810823343e-06,-1.11028801178e-06,7.6950855383e-07,1.33597205088e-06,1.04572209672e-06,4.12351881362e-07,0
0,-1.62507797666e-06,-5.99252229241e-06,-1.26440721995e-05,-2.11962636067e-05,-3.13486189318e-05,-4.28791995592e-05,-5.56318681845e-05,-6.94990973428e-05,-8.44035588233e-05,-0.000100280994213,-0.000117066037324,-0.00013468183952,-0.000153033651482,-0.000172006011725,-0.000191462896834,-0.000211250068365,-0.000231198853544,-0.000251130671093,-0.000270861724263,-0.000290207409893,-0.000308986123857,-0.000327022272015,-0.000344148414272,-0.000360206570298,-0.000375048792845,-0.000388537165136,-0.000400543402973,-0.000410948243462,-0.000419640786936,-0.000426517933954,-0.000431484032606,-0.000434450828882,-0.000435337798749,-0.000434072936788,-0.000430594083888,-0.000424850873386,-0.000416807381818,-0.00040644557589,-0.000393769636315,-0.000378811201187,-0.000361635495014,-0.00034234818154,-0.000321102587354,-0.000298106683357,-0.000273628892212,-0.000248001450673,-0.000221619780646,-0.00019493624959,-0.000168447005171,-0.000142671400219,-0.000118124892452,-9.52879581914e-05,-7.45749653943e-05,-5.63074670008e-05,-4.06956109791e-05,-2.78294890691e-05,-1.76799701955e-05,-1.01067372465e-05,-4.87039728079e-06,-1.64569963794e-06,-3.37938965756e-08,4.27229701295e-07,2.52696551594e-07,0
0,-1.91831590804e-06,-7.00200538355e-06,-1.46614632231e-05,-2.44138143956e-05,-3.58873307857e-05,-4.88115356953e-05,-6.29985223158e-05,-7.83201491612e-05,-9.46849207329e-05,-0.000112017386011,-0.000130241817691,-0.000149270904938,-0.000168999347206,-0.000189301663418,-0.000210033236705,-0.00023103354676,-0.000252130622917,-0.00027314591143,-0.000293898941277,-0.000314211365249,-0.00033391013168,-0.000352829697099,-0.000370813314912,-0.000387713525117,-0.000403392023901,-0.000417719111957,-0.000430572912582,-0.000441838523594,-0.000451407230707,-0.000459175873527,-0.000465046426652,-0.00046892584261,-0.000470726202976,-0.000470365238423,-0.000467767308846,-0.00046286495805,-0.000455601173343,-0.000445932508197,-0.000433833235344,-0.000419300678807,-0.000402361815318,-0.000383081123567,-0.000361569475748,-0.000337993592157,-0.00031258520633,-0.000285648628694,-0.00025756491198,-0.00022879044794,-0.000199847787581,-0.000171307054944,-0.000143757726317,-0.00011777270245,-9.38689753303e-05,-7.24708307197e-05,-5.38814992118e-05,-3.82672028002e-05,-2.56543680017e-05,-1.59377365016e-05,-8.89533193322e-06,-4.20607574664e-06,-1.46691039304e-06,-2.07980091943e-07,9.37246752755e-08,0
0,-2.20564371814e-06,-7.98681386581e-06,-1.66227271452e-05,-2.75318010005e-05,-4.02717977041e-05,-5.45242033558e-05,-7.00694963468e-05,-8.67587637023e-05,-0.000104486026185,-0.000123164405309,-0.000142707936061,-0.000163019576153,-0.000183984973065,-0.000205470926174,-0.000227327217041,-0.000249390494405,-0.000271489084099,-0.000293447854278,-0.000315092539511,-0.000336253177501,-0.000356766522167,-0.000376477458643,-0.00039523955702,-0.00041291496382,-0.000429373848671,-0.000444493607491,-0.000458157984356,-0.000470256224733,-0.000480682324848,-0.000489334405009,-0.000496114215031,-0.00050092677995,-0.000503680213276,-0.000504285759751,-0.000502658178762,-0.000498716633152,-0.000492386265515,-0.00048360068603,-0.0004723056222,-0.000458463979683,-0.000442062526983,-0.000423120330761,-0.000401698911754,-0.000377913836439,-0.000351947077529,-0.000324058948787,-0.000294597764808,-0.000264004691173,-0.000232810757859,-0.000201623078586,-0.000171098388952,-0.000141904351882,-0.000114672397854,-8.99490893387e-05,-6.81545273591e-05,-4.95549886366e-05,-3.42530699575e-05,-2.21938900468e-05,-1.31824596157e-05,-6.90626615741e-06,-2.95814979693e-06,-8.56682498232e-07,-6.36051751531e-08,0
0,-2.48069285516e-06,-8.92590787339e-06,-1.84872271464e-05,-3.04874225341e-05,-4.44160170598e-05,-5.99078890624e-05,-7.6712605116e-05,-9.46606775784e-05,-0.000113631622288,-0.000133527208921,-0.000154251696251,-0.000175699365329,-0.000197748541877,-0.000220260650016,-0.000243082635885,-0.000266051221734,-0.000288997753905,-0.000311752771862,-0.000334149772738,-0.000356027937237,-0.000377233803081,-0.000397622019822,-0.000417055399008,-0.000435404496164,-0.000452546939226,-0.00046836666739,-0.000482753181233,-0.000495600844007,-0.000506808227126,-0.00051627746717,-0.000523913600175,-0.000529623860121,-0.000533316968183,-0.000534902491715,-0.000534290412226,-0.000531391120983,-0.00052611608033,-0.000518379430445,-0.000508100861569,-0.000495210085829,-0.000479653228683,-0.000461401406014,-0.000440461638006,-0.000416890042983,-0.000390806910547,-0.00036241272588,-0.0003320034742,-0.000299982623002,-0.000266866217923,-0.000233276906639,-0.000199923030258,-0.000167560865986,-0.000136941936091,-0.000108752236673,-8.35542255218e-05,-6.17429870033e-05,-4.35241521393e-05,-2.8914530407e-05,-1.7760329748e-05,-9.76488478107e-06,-4.5183154272e-06,-1.52413540268e-06,-2.20940134533e-07,0
0,-2.73690755217e-06,-9.79809872784e-06,-2.02147306756e-05,-3.32194088714e-05,-4.82371453005e-05,-6.4858446126e-05,-8.28030938532e-05,-0.000101881473904,-0.000121958785791,-0.000142925747807,-0.000164677532183,-0.000187100968658,-0.000210068819668,-0.000233439283698,-0.000257058767979,-0.000280766221105,-0.000304397743974,-0.000327790657459,-0.00035078660968,-0.000373233616182,-0.000394987134877,-0.000415910392557,-0.000435874216636,-0.000454756603893,-0.000472442198269,-0.00048882177314,-0.000503791738407,-0.000517253633861,-0.000529113536391,-0.000539281303177,-0.000547669594237,-0.000554192660306,-0.00055876493895,-0.000561299566014,-0.000561706972931,-0.000559893831928,-0.00055576264453,-0.000549212293584,-0.000540139929999,-0.00052844459259,-0.000514032966267,-0.000496827663112,-0.000476778344565,-0.000453875859243,-0.00042816930129,-0.000399785431733,-0.000368949174732,-0.000336002849762,-0.000301420474885,-0.00026581214083,-0.000229912733725,-0.000194550166213,-0.00016059175016,-0.00012887348922,-0.000100124036479,-7.48991775832e-05,-5.35406935464e-05,-3.61655245789e-05,-2.26815027652e-05,-1.28195353359e-05,-6.17105243409e-06,-2.22239422806e-06,-3.82002612683e-07,0
0,-2.96776336194e-06,-1.05826469823e-05,-2.17663951143e-05,-3.56693399791e-05,-5.16570874379e-05,-6.92787038908e-05,-8.82256331317e-05,-0.000108288737551,-0.000129319210017,-0.000151197144241,-0.00017380941971,-0.000197036654626,-0.000220747655336,-0.000244799171552,-0.000269038758228,-0.00029330892872,-0.000317451330269,-0.000341310212178,-0.000364734895872,-0.000387581262316,-0.000409712449621,-0.000430999023212,-0.000451318869743,-0.000470557002575,-0.000488605378237,-0.000505362733489,-0.000520734379644,-0.000534631846018,-0.000546972252313,-0.00055767730849,-0.000566671884282,-0.000573882150575,-0.00057923336283,-0.000582647425698,-0.000584040439703,-0.000583320513476,-0.000580386191602,-0.000575125843938,-0.000567418419538,-0.000557136007026,-0.000544148668578,-0.000528332024944,-0.000509578050298,-0.000487809461254,-0.000462997907383,-0.000435185818362,-0.000404511133784,-0.00037123311846,-0.000335755969413,-0.000298645034213,-0.000260628643546,-0.000222577870499,-0.00018545856113,-0.000150256066639,-0.000117882627118,-8.90863486552e-05,-6.43832126544e-05,-4.40263440509e-05,-2.80133203438e-05,-1.61205161553e-05,-7.94892756967e-06,-2.96830834025e-06,-5.51979866622e-07,0
0,-3.16700621656e-06,-1.12599208036e-05,-2.31058523442e-05,-3.77830883404e-05,-5.46042142177e-05,-7.30803902288e-05,-9.28763976122e-05,-0.000113764256094,-0.000135581500468,-0.000158198056683,-0.000181493292856,-0.000205342738481,-0.00022961257274,-0.000254159407839,-0.000278832997876,-0.000303480015002,-0.000327947682193,-0.000352086646734,-0.000375752927472,-0.000398809050396,-0.000421124619902,-0.000442576592069,-0.000463049460031,-0.000482435466157,-0.000500634851997,-0.000517556068286,-0.000533115808696,-0.000547238708824,-0.000559856565057,-0.000570906969845,-0.000580331321257,-0.000588072235567,-0.000594070463676,-0.000598261479441,-0.00060057196654,-0.000600916485199,-0.000599194710274,-0.000595289603258,-0.000589066935565,-0.000580376630201,-0.000569056430474,-0.000554938441432,-0.000537859113333,-0.000517673226103,-0.000494272350475,-0.000467608038084,-0.000437719521851,-0.000404764835907,-0.000369052812484,-0.000331071267577,-0.000291504016036,-0.000251226977035,-0.000211273342385,-0.000172762083884,-0.000136794450011,-0.000104337046561,-7.61199073581e-05,-5.25753002446e-05,-3.38273633497e-05,-1.97237053484e-05,-9.88907280988e-06,-3.78133886819e-06,-7.36872220302e-07,0
0,-3.32889407444e-06,-1.18120591114e-05,-2.4200295059e-05,-3.95122521892e-05,-5.70150507131e-05,-7.61859990748e-05,-9.66650596346e-05,-0.000118206107016,-0.000140633338555,-0.000163806918517,-0.000187599380975,-0.000211882084756,-0.00023651957268,-0.000261369161416,-0.000286283296868,-0.000311112828761,-0.000335710080526,-0.000359931214363,-0.000383637828142,-0.000406697962953,-0.000428986782379,-0.000450387155665,-0.000470790285086,-0.000490096403922,-0.000508215466805,-0.000525067679112,-0.000540583676143,-0.000554704166516,-0.000567378891132,-0.00057856480913,-0.000588223494507,-0.000596317801704,-0.000602807928328,-0.000607647064241,-0.000610776868115,-0.000612123040942,-0.000611591393864,-0.00060906479153,-0.000604401385828,-0.000597434617503,-0.000587975519941,-0.00057581791966,-0.000560747187069,-0.000542553234555,-0.000521048458134,-0.000496091219282,-0.000467615168764,-0.000435664065507,-0.000400430509634,-0.000362294920631,-0.000321858001104,-0.000279956189721,-0.0002376467073,-0.00019614979146,-0.000156744297806,-0.000120629801664,-8.87869157942e-05,-6.18744460947e-05,-4.01886179663e-05,-2.36832971637e-05,-1.20287974012e-05,-4.68139674482e-06,-9.4285911255e-07,0
0,-3.44842608002e-06,-1.22235955662e-05,-2.50214902885e-05,-4.08154794047e-05,-5.88358183016e-05,-7.85304749998e-05,-9.95165666941e-05,-0.000121530502885,-0.00014438339143,-0.000167925934554,-0.000192024349253,-0.000216546499836,-0.00024135595174,-0.000266311169922,-0.000291267373895,-0.000316079256492,-0.000340603539527,-0.000364700966606,-0.00038823774083,-0.00041108661066,-0.000433127840782,-0.000454250237069,-0.000474352280644,-0.000493343308181,-0.000511144582688,-0.00052769004593,-0.0005429265339,-0.00055681326495,-0.000569320466036,-0.000580427074114,-0.000590117525796,-0.000598377720574,-0.000605190305827,-0.000610529483348,-0.00061435557874,-0.000616609629244,-0.000617208348995,-0.0006160398717,-0.00061296066891,-0.00060779411906,-0.000600331275683,-0.000590334465549,-0.000577544436811,-0.000561691863882,-0.000542514080598,-0.000519777917276,-0.000493309384975,-0.000463030541866,-0.000429002955654,-0.000391475392677,-0.000350930321762,-0.000308119362981,-0.00026407271035,-0.000220064542948,-0.000177520589579,-0.000137870181561,-0.000102371041171,-7.19557842513e-05,-4.71454479274e-05,-2.80451049991e-05,-1.44015958134e-05,-5.68691157765e-06,-1.17574650518e-06,0
0,-3.52154631798e-06,-1.24820081893e-05,-2.55466627422e-05,-4.16596067952e-05,-6.00237420887e-05,-8.00626186573e-05,-0.000101372601375,-0.000123673288777,-0.000146762855767,-0.000170482709327,-0.000194693087083,-0.000219258802841,-0.000244042830442,-0.000268904948858,-0.000293703003546,-0.000318295071369,-0.00034254159334,-0.000366307147765,-0.000389461904219,-0.000411882947864,-0.000433455656714,-0.000454075220954,-0.000473648271628,-0.000492094477058,-0.000509347892993,-0.000525357825428,-0.00054008898051,-0.000553520724359,-0.000565645344298,-0.000576465279402,-0.000585989362516,-0.000594228180774,-0.000601188713973,-0.00060686844941,-0.000611249200633,-0.000614290866331,-0.00061592541535,-0.000616051499612,-0.000614530065405,-0.000611181422974,-0.00060578432768,-0.000598077733121,-0.000587765994958,-0.00057452842665,-0.000558034222595,-0.000537963846102,-0.000514037977565,-0.000486054925045,-0.000453936808692,-0.000417783483925,-0.000377930536148,-0.000335003194572,-0.000289951613853,-0.00024404634109,-0.000198810942628,-0.000155879749506,-0.00011679715117,-8.281024396e-05,-5.47213183509e-05,-3.28410283278e-05,-1.70339004474e-05,-6.81330170628e-06,-1.44054613583e-06,0
0,-3.54531135617e-06,-1.25781668961e-05,-2.57592048084e-05,-4.20205599339e-05,-6.05480605751e-05,-8.07461432333e-05,-0.000102192646904,-0.000124591005395,-0.00014772653287,-0.000171431376861,-0.000195559967396,-0.000219974324037,-0.000244537031421,-0.000269109209,-0.000293551129823,-0.000317723869323,-0.000341491121498,-0.000364720892505,-0.000387287106533,-0.000409071267787,-0.000429964287467,-0.000449868479814,-0.000468699614976,-0.000486388825753,-0.000502884118092,-0.000518151233933,-0.000532173652221,-0.000544951577082,-0.000556499837904,-0.000566844702398,-0.000576019671935,-0.000584060382775,-0.000590998775483,-0.000596856718784,-0.000601639287732,-0.00060532790042,-0.000607873507615,-0.000609190200393,-0.000609149567364,-0.000607576229955,-0.000604245103637,-0.000598881071261,-0.000591161906316,-0.000580725440653,-0.000567182124081,-0.000550134259171,-0.000529203284615,-0.000504066454129,-0.000474503957965,-0.000440456646476,-0.000402092488711,-0.000359875932954,-0.000314627670491,-0.00026755327473,-0.000220211417758,-0.000174394886375,-0.000131921853527,-9.43804695597e-05,-6.29088915516e-05,-3.80850400118e-05,-1.99427710685e-05,-8.07193067126e-06,-1.74120919014e-06,0
0,-3.51801314386e-06,-1.25066585041e-05,-2.56491829687e-05,-4.18839767255e-05,-6.03906960984e-05,-8.05603356299e-05,-0.000101954604856,-0.000124261452317,-0.000147253349411,-0.000170753113714,-0.000194609409121,-0.000218681592109,-0.000242831975185,-0.000266923035882,-0.000290817374277,-0.000314378897416,-0.000337474416434,-0.000359975367948,-0.000381759655227,-0.000402713684249,-0.000422734620811,-0.000441732792284,-0.000459634056834,-0.000476381895958,-0.000491938964872,-0.000506287857062,-0.000519430893583,-0.000531388820788,-0.000542198378834,-0.000551908776591,-0.000560577168395,-0.000568263269762,-0.000575023271381,-0.000580903215883,-0.000585931996147,-0.000590114129541,-0.000593422404681,-0.000595790676155,-0.000597107082842,-0.000597208064332,-0.000595873701874,-0.000592825089353,-0.000587724634642,-0.00058018038903,-0.000569755691606,-0.000555985589316,-0.000538401640665,-0.000516566796317,-0.000490121971288,-0.000458845439458,-0.000422724799618,-0.00038203812351,-0.00033743480916,-0.000289996752041,-0.000241248223007,-0.000193075905327,-0.000147534234088,-0.000106557958684,-7.1666741682e-05,-4.37707722866e-05,-2.31345271432e-05,-9.46953541805e-06,-2.08050422926e-06,0
0,-3.43925154837e-06,-1.22659762406e-05,-2.52136228323e-05,-4.12455347269e-05,-5.95465649373e-05,-7.95002990646e-05,-0.000100654936339,-0.000122683712167,-0.000145346266554,-0.000168455950309,-0.000191855618501,-0.000215402035242,-0.000238957359432,-0.000262385537401,-0.0002855515954,-0.000308322406541,-0.000330568140482,-0.000352164076343,-0.000372992708519,-0.000392946137815,-0.000411928691063,-0.000429859623062,-0.000446675676011,-0.000462333230161,-0.000476809782057,-0.000490104527567,-0.000502237893886,-0.000513249944158,-0.000523197657792,-0.000532151158437,-0.000540189012312,-0.000547392747151,-0.000553840745463,-0.000559601648428,-0.00056472737689,-0.000569245851475,-0.00057315341653,-0.000576407093655,-0.0005789168603,-0.000580538242029,-0.000581065696507,-0.000580227497499,-0.000577683079836,-0.000573024059296,-0.000565780376396,-0.000555433221184,-0.000541436576513,-0.000523249363549,-0.000500380237477,-0.00047244690486,-0.00043925102819,-0.000400867556332,-0.00035774232425,-0.0003107823015,-0.000261408346148,-0.000211525266832,-0.00016336358674,-0.000119184643932,-8.09186448741e-05,-4.98705650114e-05,-2.66041826123e-05,-1.10080311984e-05,-2.46000227909e-06,0
0,-3.30995380964e-06,-1.18585684486e-05,-2.44565671985e-05,-4.01109783795e-05,-5.80235256011e-05,-7.75767768574e-05,-9.83083249936e-05,-0.000119877628565,-0.000142031559933,-0.000164573847327,-0.000187341456232,-0.000210188622247,-0.000232977532677,-0.000255573869192,-0.000277845433245,-0.000299662523837,-0.000320899275892,-0.000341435582424,-0.000361159445909,-0.000379969662535,-0.000397778705154,-0.000414515602575,-0.000430128559529,-0.000444587044888,-0.000457883098973,-0.00047003166667,-0.000481069839344,-0.000491054972422,-0.00050006172494,-0.000508178132072,-0.000515500863293,-0.000522129831824,-0.000528162303909,-0.000533686613508,-0.00053877552963,-0.000543479269104,-0.000547818067502,-0.000551774246501,-0.000555283853524,-0.000558228037152,-0.000560424546564,-0.000561620031367,-0.000561484144418,-0.000559606781618,-0.000555500096778,-0.000548607185934,-0.000538319542362,-0.000524005553545,-0.000505052444329,-0.000480924090964,-0.000451236772132,-0.000415853535299,-0.000374994143706,-0.000329349438587,-0.000280174211509,-0.000229312315619,-0.000179093263172,-0.000132058685201,-9.05552639553e-05,-5.63357539055e-05,-3.03354819867e-05,-1.26845632957e-05,-2.88012053621e-06,0
0,-3.13234130447e-06,-1.12907488046e-05,-2.33889132649e-05,-3.84958575415e-05,-5.58419825043e-05,-7.48155798984e-05,-9.49468881653e-05,-0.000115882766256,-0.00013735749928,-0.000159165066171,-0.000181136462333,-0.000203123486458,-0.000224988630689,-0.00024659975548,-0.000267828038469,-0.000288547964983,-0.000308638552826,-0.000327985359045,-0.000346483018998,-0.000364038132518,-0.000380572294433,-0.000396025024611,-0.000410356325452,-0.000423548600312,-0.000435607706572,-0.000446562984502,-0.000456466186398,-0.000465389317856,-0.000473421482681,-0.000480664884139,-0.000487230168405,-0.000493231294519,-0.00049878007707,-0.000503980477991,-0.000508922634475,-0.000513676521956,-0.000518285063759,-0.000522756434439,-0.000527055465359,-0.000531094148728,-0.000534721483251,-0.000537713247313,-0.000539762695874,-0.000540473612288,-0.000539357555452,-0.000535837482668,-0.000529260180773,-0.000518920117869,-0.000504097470912,-0.000484113193359,-0.000458403923354,-0.000426618822236,-0.000388737957472,-0.000345205467411,-0.000297057338358,-0.000246001095997,-0.000194379071628,-0.00014494398438,-0.000100438033704,-6.3098017624e-05,-3.43013696602e-05,-1.44916936541e-05,-3.34018256879e-06,0
0,-2.9098470174e-06,-1.05724775067e-05,-2.20280457998e-05,-3.64250023993e-05,-5.30341790443e-05,-7.1256661183e-05,-9.06189892795e-05,-0.000110756916562,-0.000131392502564,-0.000152309924008,-0.000173334152878,-0.000194314683379,-0.000215114683265,-0.000235604795808,-0.00025566039081,-0.000275161141058,-0.000293992094919,-0.000312045707598,-0.000329224482044,-0.000345443948987,-0.000360635724471,-0.000374750369735,-0.000387759776224,-0.000399658823458,-0.000410466111386,-0.000420223645089,-0.00042899543871,-0.000436865095884,-0.000443932504218,-0.000450309839458,-0.000456117100228,-0.000461477378832,-0.000466512015544,-0.000471335688462,-0.00047605137188,-0.000480744974288,-0.000485479364562,-0.000490287360051,-0.000495163384535,-0.000500053586742,-0.000504844455618,-0.000509350347329,-0.000513300828791,-0.000516329298997,-0.000517964905227,-0.000517630251386,-0.000514647745189,-0.000508257642632,-0.000497650971151,-0.000482020616575,-0.000460633932752,-0.00043292999472,-0.000398643192378,-0.000357950299631,-0.000311626976664,-0.0002611776371,-0.00020887012222,-0.00015758266446,-0.000110405063868,-7.00717060988e-05,-3.84648167182e-05,-1.64176653972e-05,-3.83847241396e-06,0
0,-2.64698977665e-06,-9.71702907336e-06,-2.03972921285e-05,-3.39317711429e-05,-4.96432278581e-05,-6.69528979807e-05,-8.53877266177e-05,-0.000104574240519,-0.000124222878162,-0.000144108074651,-0.000164048767894,-0.000183892314508,-0.000203502996839,-0.000222754960178,-0.000241528733067,-0.00025971033629,-0.000277192133447,-0.000293874799309,-0.000309669958528,-0.00032450314447,-0.000338316766646,-0.000351072791043,-0.00036275485913,-0.000373369612972,-0.000382947058548,-0.000391539882608,-0.000399221731777,-0.000406084555682,-0.000412235196337,-0.000417791460949,-0.000422877932734,-0.000427621746233,-0.000432148478105,-0.000436578187831,-0.000441021499073,-0.000445575461914,-0.000450318811951,-0.000455306062524,-0.000460559931685,-0.000466061667487,-0.000471739046858,-0.000477452201759,-0.000482977968142,-0.000487994127146,-0.000492065641734,-0.000494635679603,-0.000495024746106,-0.000492441566244,-0.000486009477165,-0.000474812130392,-0.000457962366614,-0.000434698137767,-0.00040450871843,-0.00036729153228,-0.000323531314604,-0.000274473632966,-0.00022222976375,-0.00016970944328,-0.00012027881108,-7.71571500946e-05,-4.27800249959e-05,-1.84467511414e-05,-4.3722831509e-06,0
0,-2.34921342293e-06,-8.7405672071e-06,-1.85252315726e-05,-3.10571149636e-05,-4.57219356567e-05,-6.19686540294e-05,-7.93291889148e-05,-9.74231620228e-05,-0.000115950294426,-0.000134675489055,-0.000153411689036,-0.000172004294516,-0.000190319165333,-0.000208234718847,-0.000225637679421,-0.000242421645195,-0.000258487622336,-0.000273745823603,-0.000288118190582,-0.000301541216078,-0.000313968712809,-0.000325374219395,-0.000335752777995,-0.000345121874017,-0.000353521401759,-0.000361012608338,-0.000367676064895,-0.000373608808529,-0.000378920877858,-0.000383731515696,-0.000388165321666,-0.000392348598037,-0.000396406043082,-0.000400457815007,-0.000404616830088,-0.000408985989164,-0.000413654880391,-0.000418695304566,-0.00042415494628,-0.000430048533571,-0.000436345972095,-0.000442957268339,-0.000449714596951,-0.000456352620345,-0.000462489080106,-0.000467608629214,-0.000471053696493,-0.000472026719614,-0.000469608296032,-0.000462795775987,-0.000450566760506,-0.000431972003651,-0.000406262073674,-0.000373050554954,-0.000332510499678,-0.000285584465039,-0.000234154384682,-0.000181066551589,-0.000129875092604,-8.42449399672e-05,-4.71940775606e-05,-2.05597345248e-05,-4.93797810279e-06,0
0,-2.0227004904e-06,-7.66165031963e-06,-1.64448961663e-05,-2.78485095099e-05,-4.13314848652e-05,-5.6378199599e-05,-7.25305749036e-05,-8.9404131781e-05,-0.000106689126392,-0.000124141320734,-0.000141567756347,-0.000158812045488,-0.000175742059067,-0.000192241234471,-0.00020820351423,-0.000223531281901,-0.000238135468533,-0.000251937061886,-0.000264869393482,-0.000276880713427,-0.000287936662796,-0.000298022326274,-0.000307143611611,-0.000315327771304,-0.000322622962597,-0.00032909683411,-0.000334834225601,-0.000339934161147,-0.000344506392194,-0.000348667791117,-0.000352538896475,-0.000356240861763,-0.00035989296164,-0.00036361067181,-0.00036750417428,-0.000371676963865,-0.000376224071355,-0.000381229211407,-0.000386760057908,-0.000392860807176,-0.000399541237056,-0.000406761696833,-0.000414413931094,-0.000422298397573,-0.000430099777342,-0.000437363596083,-0.000443478078628,-0.000447666295686,-0.00044899414082,-0.000446399691048,-0.000438749279728,-0.000424925470166,-0.000403952133064,-0.000375161215027,-0.000338401963774,-0.000294280689049,-0.000244388355804,-0.000191417727018,-0.00013901277831,-9.12210517698e-05,-5.16490875048e-05,-2.27345842303e-05,-5.53108966457e-06,0
0,-1.67417063004e-06,-6.50069270275e-06,-1.41929009615e-05,-2.43588028683e-05,-3.65400342928e-05,-5.02640662598e-05,-6.50882719913e-05,-8.06273798537e-05,-9.65638245055e-05,-0.000112644832955,-0.000128671698506,-0.000144486376195,-0.000159959099318,-0.000174978979015,-0.000189448101858,-0.000203278741115,-0.000216392914221,-0.00022872347619,-0.000240216052303,-0.00025083126068,-0.000260546802746,-0.000269359099278,-0.000277284232989,-0.000284358039308,-0.000290635273574,-0.000296187877292,-0.000301102463391,-0.000305477230689,-0.000309418587438,-0.000313037799123,-0.000316447966619,-0.000319761583425,-0.000323088819189,-0.00032653654062,-0.000330207922735,-0.000334202334152,-0.000338615018071,-0.000343535890113,-0.000349046608409,-0.00035521496125,-0.000362085556298,-0.000369665881297,-0.000377907130147,-0.000386679849285,-0.000395745520312,-0.000404726622134,-0.0004130793294,-0.000420074482434,-0.000424793448744,-0.00042614578193,-0.000422915290766,-0.000413840694342,-0.000397736886649,-0.000373662724009,-0.000341139239706,-0.000300413116163,-0.000252734132866,-0.000200559951493,-0.00014752330837,-9.79725346739e-05,-5.60848243479e-05,-2.49473579508e-05,-6.14647703408e-06,0
0,-1.31067392446e-06,-5.27940606537e-06,-1.18085412822e-05,-2.06450278181e-05,-3.14212967767e-05,-4.37154065035e-05,-5.7105979752e-05,-7.12107616484e-05,-8.5706432675e-05,-0.000100332540253,-0.000114884856598,-0.000129203755797,-0.000143162058209,-0.000156655044898,-0.000169593704376,-0.000181901130279,-0.000193511406329,-0.000204370155508,-0.000214436001498,-0.000223682341772,-0.000232098982402,-0.000239693309219,-0.000246490771936,-0.000252534549667,-0.000257884357749,-0.000262614450275,-0.00026681096644,-0.000270568851866,-0.000273988645693,-0.000277173448191,-0.000280226364343,-0.00028324865581,-0.000286338733492,-0.000289591996324,-0.000293101379889,-0.000296958327716,-0.000301253747117,-0.000306078330202,-0.000311521419887,-0.000317667434851,-0.000324588700551,-0.000332333462382,-0.000340907984304,-0.000350252102348,-0.000360208547325,-0.000370487843939,-0.000380632542397,-0.000389986626582,-0.000397677671922,-0.000402620221761,-0.000403548766866,-0.000399088024339,-0.000387867635773,-0.000368688310566,-0.000340745678068,-0.000303912280876,-0.000259057299354,-0.000208331973966,-0.00015525913681,-0.000104393322122,-6.04417008065e-05,-2.71733332356e-05,-6.77855368283e-06,0
0,-9.39388533826e-07,-4.02024452009e-06,-9.33289137081e-06,-1.67672212987e-05,-2.6053144265e-05,-3.6826417454e-05,-4.86929488636e-05,-6.12777821775e-05,-7.42543566809e-05,-8.73556822498e-05,-0.000100372335841,-0.000113143130938,-0.000125543544294,-0.000137475317454,-0.000148858874521,-0.000159628832366,-0.000169732094943,-0.00017912773238,-0.000187787858655,-0.000195698865793,-0.000202862540446,-0.000209296735572,-0.000215035389892,-0.000220127790218,-0.000224637066967,-0.000228638005641,-0.000232214343776,-0.000235455795029,-0.000238455088217,-0.000241305319716,-0.000244097888263,-0.000246921215134,-0.00024986035857,-0.000252997520711,-0.000256413326908,-0.00026018863403,-0.000264406494779,-0.000269153753694,-0.000274521538253,-0.000280603710963,-0.000287492095121,-0.000295267069414,-0.000303982037849,-0.000313640481748,-0.000324164991826,-0.000335359045175,-0.000346864389961,-0.000358119522648,-0.000368327354633,-0.000376442037614,-0.000381185497334,-0.000381103579155,-0.000374670635328,-0.000360450848423,-0.000337324398575,-0.000304783390651,-0.000263286931378,-0.000214619159601,-0.000162100326633,-0.000110389647181,-6.46639161411e-05,-2.93883185867e-05,-7.42158300562e-06,0
0,-5.6743093818e-07,-2.74587349851e-06,-6.80793468277e-06,-1.27872877028e-05,-2.05162814948e-05,-2.96948746396e-05,-3.99623879742e-05,-5.09558594898e-05,-6.234845321e-05,-7.38681086875e-05,-8.53006701124e-05,-9.64833726242e-05,-0.000107294255709,-0.000117641578597,-0.000127455472961,-0.000136682517448,-0.000145282936505,-0.000153229690891,-0.000160508665361,-0.000167119282516,-0.000173075048772,-0.000178403704042,-0.000183146783435,-0.00018735851169,-0.000191104048804,-0.000194457193376,-0.000197497726724,-0.000200308638527,-0.000202973504776,-0.000205574284768,-0.000208189765638,-0.000210894816539,-0.000213760530948,-0.000216855245465,-0.000220246333558,-0.000224002581989,-0.00022819685855,-0.00023290865937,-0.000238225927369,-0.000244245326102,-0.000251069845759,-0.000258802285711,-0.000267532870013,-0.000277319161641,-0.000288156780266,-0.0002999404773,-0.000312417107664,-0.000325134958783,-0.000337397339857,-0.000348231443287,-0.000356385275818,-0.000360365420786,-0.000358527063442,-0.000349226448435,-0.000331045614524,-0.000303097888216,-0.000265412027602,-0.000219354688082,-0.000167958781889,-0.000115884556058,-6.87024995366e-05,-3.15700634108e-05,-8.07002981822e-06,0
0,-2.01685594958e-07,-1.47867996928e-06,-4.27575138052e-06,-8.76793587592e-06,-1.48930197593e-05,-2.24208081224e-05,-3.1030072273e-05,-4.03748636244e-05,-5.01314786677e-05,-6.00246159925e-05,-6.98360369429e-05,-7.94013819252e-05,-8.86010136596e-05,-9.73495292575e-05,-0.000105586762384,-0.000113271409732,-0.000120377251236,-0.000126891345964,-0.000132813432211,-0.000138155847681,-0.000142943461614,-0.000147213290096,-0.00015101361718,-0.000154402565976,-0.000157446162723,-0.000160216018282,-0.000162786814948,-0.00016523382703,-0.000167630715741,-0.000170047820431,-0.000172551122675,-0.000175201996184,-0.000178057785552,-0.000181173190081,-0.000184602369439,-0.000188401631494,-0.000192632497947,-0.000197364855384,-0.00020267973239,-0.000208671050748,-0.000215445370201,-0.000223118242749,-0.00023180534971,-0.000241606236073,-0.000252578406802,-0.000264700139845,-0.000277821975806,-0.00029160971512,-0.000305485749213,-0.000318579914346,-0.000329704498843,-0.000337369361954,-0.000339852172084,-0.000335336853906,-0.000322132269219,-0.000298982649253,-0.00026547488457,-0.00022251748413,-0.000172779915046,-0.000120821114353,-7.25179873788e-05,-3.36996653582e-05,-8.718947951e-06,0
0,1.51340692773e-07,-2.40338195241e-07,-1.77778411835e-06,-4.7717136213e-06,-9.26617367318e-06,-1.5105341024e-05,-2.20131705437e-05,-2.96659449517e-05,-3.77469085621e-05,-4.59797412868e-05,-5.41430198882e-05,-6.20708360458e-05,-6.96455343073e-05,-7.67876559001e-05,-8.34464609465e-05,-8.95926395628e-05,-9.52135005091e-05,-0.000100310184816,-0.000104896192152,-0.000108996542742,-0.000112647060592,-0.000115893449997,-0.000118790000327,-0.000121397883066,-0.000123783103653,-0.000126014243578,-0.00012816017644,-0.000130287963477,-0.000132461127848,-0.000134738475072,-0.000137173576556,-0.000139814975263,-0.000142707118444,-0.000145891979971,-0.000149411305273,-0.00015330938861,-0.000157636261769,-0.00016245111925,-0.000167825669433,-0.000173846945958,-0.000180618792584,-0.000188260805643,-0.000196902979906,-0.000206673735918,-0.000217678595165,-0.000229966841769,-0.00024348452851,-0.000258014632006,-0.000273109258074,-0.000288024121357,-0.000301670787648,-0.000312605587278,-0.000319074510118,-0.000319131408253,-0.000310844770002,-0.000292607683903,-0.000263562280903,-0.000224127466661,-0.000176541833673,-0.000125164055898,-7.60824986894e-05,-3.57628691023e-05,-9.36438040451e-06,0
0,4.85635828714e-07,9.48557474883e-07,6.45800308771e-07,-8.60159043801e-07,-3.71809758123e-06,-7.84970121735e-06,-1.30292940453e-05,-1.89606474598e-05,-2.53381149437e-05,-3.18869917746e-05,-3.83838831235e-05,-4.46615207344e-05,-5.06038584836e-05,-5.61368251589e-05,-6.12185945079e-05,-6.58314657652e-05,-6.99760063005e-05,-7.36672201566e-05,-7.69321297443e-05,-7.9808124783e-05,-8.23415689132e-05,-8.45863387796e-05,-8.66021403391e-05,-8.84525813049e-05,-9.02030754031e-05,-9.19187171513e-05,-9.36622979262e-05,-9.54926368194e-05,-9.74633762102e-05,-9.96223486722e-05,-0.000102011569118,-0.000104667855997,-0.000107624048214,-0.000110910765667,-0.000114558659446,-0.000118601104353,-0.000123077286735,-0.000128035620839,-0.000133537317868,-0.000139659828593,-0.000146499589766,-0.000154173089161,-0.000162814690547,-0.000172568960662,-0.000183574541948,-0.000195936195344,-0.000209681970868,-0.000224704183808,-0.000240686556716,-0.000257025611597,-0.000272761240196,-0.000286537327778,-0.000296616149391,-0.000300969337069,-0.000297465502682,-0.000284173064175,-0.000259795237191,-0.000224238768071,-0.000179252336869,-0.000128899793365,-7.93810322056e-05,-3.77511596554e-05,-1.00037479954e-05,0
0,7.95768244496e-07,2.06878328594e-06,2.95663782046e-06,2.90691391034e-06,1.67012459875e-06,-7.5441191884e-07,-4.19576210417e-06,-8.390289874e-06,-1.30478724651e-05,-1.78984669788e-05,-2.27183002966e-05,-2.73391711791e-05,-3.16463351291e-05,-3.55704686728e-05,-3.90779677458e-05,-4.21621385067e-05,-4.4836325305e-05,-4.71290029844e-05,-4.90803626886e-05,-5.07398048829e-05,-5.2163848708e-05,-5.34141388053e-05,-5.45554014255e-05,-5.56533377301e-05,-5.67725355826e-05,-5.79745336583e-05,-5.93161876866e-05,-6.0848473451e-05,-6.26158222836e-05,-6.46560327685e-05,-6.70007498752e-05,-6.96764620155e-05,-7.27059461941e-05,-7.61100942571e-05,-7.991007544e-05,-8.412982226e-05,-8.87988537597e-05,-9.39554624441e-05,-9.96502029335e-05,-0.000105949572007,-0.000112939526897,-0.000120728115855,-0.000129445938434,-0.000139242401112,-0.00015027484937,-0.000162686837369,-0.000176571457348,-0.000191916474201,-0.000208530831787,-0.000225957530266,-0.000243385655613,-0.00025958274574,-0.000272874823951,-0.000281203056992,-0.000282283735006,-0.000273895677598,-0.000254317995075,-0.000222931545038,-0.000180944123646,-0.000132034857402,-8.2411881848e-05,-3.96625723722e-05,-1.06362045489e-05,0
0,1.07693970908e-06,3.10269200737e-06,5.11856687248e-06,6.47197670988e-06,6.81932064325e-06,6.08133291813e-06,4.37092318545e-06,1.91440863425e-06,-1.01815371076e-06,-4.16481847612e-06,-7.30346556268e-06,-1.02657301226e-05,-1.29380436396e-05,-1.52552139031e-05,-1.71910740737e-05,-1.87491802294e-05,-1.99550070214e-05,-2.08499709291e-05,-2.14869939533e-05,-2.1927112376e-05,-2.22366756971e-05,-2.24848287638e-05,-2.27411337469e-05,-2.30733224636e-05,-2.35452578803e-05,-2.4215225653e-05,-2.51346777854e-05,-2.63475196798e-05,-2.78899806525e-05,-2.97910502324e-05,-3.20734124931e-05,-3.47547800148e-05,-3.78495244125e-05,-4.1370521847e-05,-4.53311737305e-05,-4.97476145903e-05,-5.46411673678e-05,-6.00411476541e-05,-6.59880462135e-05,-7.25371179385e-05,-7.97622228925e-05,-8.77594522934e-05,-9.66495721016e-05,-0.000106577580097,-0.000117706705886,-0.000130203090171,-0.000144206470438,-0.000159782107369,-0.000176850858659,-0.000195098791795,-0.000213875552298,-0.000232100924463,-0.000248208769888,-0.000260163152418,-0.000265581443649,-0.000261996304111,-0.000247286736004,-0.000220302919801,-0.00018166864363,-0.000134592935061,-8.51861398088e-05,-4.15021666636e-05,-1.12629408754e-05,0
0,1.32500347182e-06,4.03432518799e-06,7.09788431196e-06,9.78017221443e-06,1.16526796831e-05,1.25600940927e-05,1.25553956963e-05,1.18234805949e-05,1.06098285044e-05,9.16451387734e-06,7.70549184363e-06,6.40007318515e-06,5.36046080727e-06,4.64817797306e-06,4.28272203189e-06,4.25111394666e-06,4.51649931498e-06,5.02514293356e-06,5.71188276238e-06,6.50441537511e-06,7.32681162859e-06,8.10254969785e-06,8.75720496113e-06,9.22080975124e-06,9.42981461445e-06,9.32855070316e-06,8.87010428988e-06,8.0165575385e-06,6.73860962888e-06,5.01465275793e-06,2.82942343601e-06,1.72370137446e-07,-2.96413069053e-06,-6.58661486667e-06,-1.07023882252e-05,-1.53214292476e-05,-2.04584277697e-05,-2.61351163697e-05,-3.23829968547e-05,-3.92465894054e-05,-4.6787220487e-05,-5.50871194582e-05,-6.42531758824e-05,-7.44190378129e-05,-8.57432758039e-05,-9.84001065101e-05,-0.000112557844484,-0.000128339349756,-0.000145759171439,-0.000164635141557,-0.000184479106037,-0.000204382430043,-0.000222924813869,-0.000238145523634,-0.000247620500596,-0.000248687413517,-0.000238858444681,-0.000216457486366,-0.000181488988338,-0.000136610731198,-8.77263160528e-05,-4.32821367459e-05,-1.18874253178e-05,0
0,1.5364456096e-06,4.84941973546e-06,8.86343222214e-06,1.27794933073e-05,1.6095980817e-05,1.85863909722e-05,2.02435262489e-05,2.12076492575e-05,2.16953660577e-05,2.19408476007e-05,2.21548680587e-05,2.2501918062e-05,2.30921883105e-05,2.39836913382e-05,2.51898714083e-05,2.66891171704e-05,2.84339724118e-05,3.0359049317e-05,3.23874593379e-05,3.44359796376e-05,3.64192757201e-05,3.82534370765e-05,3.98589605496e-05,4.11632029073e-05,4.21022519316e-05,4.2622142595e-05,4.26793660722e-05,4.22406710269e-05,4.12822215031e-05,3.97882359778e-05,3.77492726127e-05,3.51603370415e-05,3.20189687032e-05,2.83234138636e-05,2.40709265578e-05,1.92561630967e-05,1.38695619195e-05,7.8955240017e-06,1.31022108124e-06,-5.92114749501e-06,-1.38478025693e-05,-2.2537510433e-05,-3.20810332957e-05,-4.25959808946e-05,-5.42282655666e-05,-6.71481163535e-05,-8.15360359456e-05,-9.75525685861e-05,-0.000115285026884,-0.000134665708811,-0.000155361405242,-0.000176644384489,-0.000197269919655,-0.000215401001509,-0.000228631517936,-0.000234161970882,-0.000229180211479,-0.000211497705896,-0.000180472152408,-0.000138132882974,-9.0064141892e-05,-4.5021556385e-05,-1.25155748386e-05,0
0,1.7083263342e-06,5.53529238507e-06,1.03864809407e-05,1.54207036626e-05,2.00775454813e-05,2.40666404345e-05,2.73222853953e-05,2.99380568035e-05,3.20978117126e-05,3.401563068e-05,3.58915854522e-05,3.78849430269e-05,4.01026346334e-05,4.259885351e-05,4.53813031326e-05,4.84203689505e-05,5.1658707178e-05,5.50199284507e-05,5.84159235104e-05,6.1752868701e-05,6.49361317703e-05,6.78742919275e-05,7.04824007572e-05,7.26845169295e-05,7.44154872201e-05,7.56219322278e-05,7.62624232688e-05,7.63068932509e-05,7.57353904419e-05,7.45363415397e-05,7.27045247695e-05,7.02389568117e-05,6.714086847e-05,6.34118885601e-05,5.90524826701e-05,5.40606130837e-05,4.84305066475e-05,4.21513368907e-05,3.52055886936e-05,2.75669124981e-05,1.91972101076e-05,1.00428210394e-05,2.99131391822e-08,-1.09403879316e-05,-2.29958317241e-05,-3.62933679758e-05,-5.10118478993e-05,-6.73310876993e-05,-8.53896108139e-05,-0.000105213110459,-0.000126608805127,-0.000149029454944,-0.000171426008635,-0.000192127458816,-0.00020880447331,-0.000218583409019,-0.000218379156175,-0.000205514406042,-0.000178680906665,-0.000139206128116,-9.22376407503e-05,-4.67457724497e-05,-1.31558567527e-05,0
0,1.83817568272e-06,6.08057752514e-06,1.16403581118e-05,1.76569290751e-05,2.35278325112e-05,2.89087551233e-05,3.36793133255e-05,3.78857620926e-05,4.16759660904e-05,4.52396963188e-05,4.87623145272e-05,5.23947505323e-05,5.6238691025e-05,6.03435675524e-05,6.47111858702e-05,6.93042550981e-05,7.40560894141e-05,7.88798666535e-05,8.36767217778e-05,8.83425150932e-05,9.27733759181e-05,9.68701790335e-05,0.000100542066594,0.000103709060184,0.000106303761887,0.000108272137387,0.000109573406498,0.000110179123928,0.000110071597103,0.000109241840581,0.000107687294408,0.000105409529945,0.000102412131889,9.86988856138e-05,9.42723238963e-05,8.91326058829e-05,8.32766206541e-05,7.66971268296e-05,6.93816574355e-05,6.1310999404e-05,5.24569257018e-05,4.27789303461e-05,3.22198586748e-05,2.07006393456e-05,8.11494029249e-06,-5.67438589012e-06,-2.08336729241e-05,-3.75461486459e-05,-5.59810999816e-05,-7.62349815578e-05,-9.82357657077e-05,-0.000121607715386,-0.000145507481174,-0.000168464154866,-0.000188281030741,-0.000202076779169,-0.000206553037973,-0.000198577491048,-0.000176165430026,-0.000139872874419,-9.42875431233e-05,-4.84854726962e-05,-1.3819327088e-05,0
0,1.92383385914e-06,6.47478047111e-06,1.25997494477e-05,1.94428143369e-05,2.63785566658e-05,3.30212880761e-05,3.92021085473e-05,4.49209567673e-05,5.02872881932e-05,5.54624360359e-05,6.06125909161e-05,6.5876466203e-05,7.13476573032e-05,7.70690959057e-05,8.30358953511e-05,8.92029632943e-05,9.54945331705e-05,0.000101813760822,0.000108051412413,0.000114093279593,0.000119826288168,0.000125143387585,0.000129947311989,0.000134153266567,0.000137690564604,0.000140503243225,0.000142549720565,0.000143801612663,0.000144241887735,0.000143862581888,0.000142662321602,0.000140643889067,0.000137812028043,0.000134171627112,0.000129726342877,0.000124477646641,0.00011842419999,0.000111561387743,0.000103880717571,9.53689012049e-05,8.60062695629e-05,7.57641918667e-05,6.46012345321e-05,5.24579980693e-05,3.92510218236e-05,2.48669882545e-05,9.15985048146e-06,-8.04435963235e-06,-2.69276290562e-05,-4.7634931286e-05,-7.01924103677e-05,-9.43800361091e-05,-0.000119560533879,-0.000144487761317,-0.000167148248309,-0.000184720926756,-0.000193761491385,-0.000190726861391,-0.000172954750257,-0.000140164251106,-9.62531001062e-05,-5.0275457441e-05,-1.4519618068e-05,0
0,1.96321946559e-06,6.70758678455e-06,1.32395602269e-05,2.07330927342e-05,2.85611584686e-05,3.63119592507e-05,4.37767019146e-05,5.09118129109e-05,5.77868956472e-05,6.45309080505e-05,7.12859860877e-05,7.81739393182e-05,8.52764579642e-05,9.26272934781e-05,0.000100213274174,0.000107980780404,0.000115844822659,0.000123698706919,0.000131423098734,0.000138893926485,0.000145988948695,0.0001525929915,0.000158601915828,0.000163925371358,0.000168488386238,0.00017223185312,0.000175112008114,0.000177099051095,0.000178175108704,0.000178331780611,0.000177567524646,0.000175885122953,0.00017328943148,0.000169785555284,0.000165377520898,0.000160067442191,0.000153855102772,0.000146737806959,0.000138710213798,0.00012976395864,0.000119886729035,0.00010906041517,9.72579631202e-05,8.44386621577e-05,7.05418969236e-05,5.54800350607e-05,3.91322934868e-05,2.1343352718e-05,1.93326940826e-06,-1.92712289613e-05,-4.23710999905e-05,-6.72815160653e-05,-9.356312604e-05,-0.000120209260093,-0.000145433140467,-0.00016654136374,-0.000180017693069,-0.000181963430109,-0.000169047944728,-0.000140092648398,-9.81673169974e-05,-5.21531463586e-05,-1.5272897696e-05,0
0,1.95399711318e-06,6.76783387564e-06,1.35331710507e-05,2.14803469298e-05,3.00043823854e-05,3.86853349744e-05,4.72856299985e-05,5.57228369089e-05,6.40262958768e-05,7.22888845773e-05,8.06233861555e-05,8.91291733806e-05,9.78711665046e-05,0.000106870194483,0.000116102272953,0.000125503794873,0.000134979890026,0.000144413868786,0.000153676403424,0.000162633716086,0.000171154460063,0.000179115212247,0.000186404595806,0.000192926085481,0.000198599561891,0.00020336170283,0.00020716533665,0.000209977930114,0.00021177942879,0.000212559699856,0.000212315836521,0.000211049566873,0.000208764970234,0.000205466646982,0.000201158421064,0.000195842584965,0.000189519629167,0.000182188333062,0.000173845966559,0.000164488365212,0.000154109600261,0.000142700833503,0.000130247920394,0.000116727346352,0.000102100249386,8.63047293352e-05,6.92475653969e-05,5.07981110734e-05,3.07897614043e-05,9.03812618123e-06,-1.46104944451e-05,-4.01834630193e-05,-6.74243007304e-05,-9.55706929062e-05,-0.000123097348396,-0.000147503325392,-0.000165280118208,-0.000172240001918,-0.000164404946439,-0.000139643670247,-0.000100051590442,-5.4156857364e-05,-1.60978470733e-05,0
0,1.89309628385e-06,6.64199629558e-06,1.34498373917e-05,2.16316431066e-05,3.06306272661e-05,4.00393538389e-05,4.96049652439e-05,5.92125683877e-05,6.88517709847e-05,7.85758360878e-05,8.84624364093e-05,9.85820844167e-05,0.000108976954904,0.000119650069627,0.000130563072292,0.000141640073827,0.000152775060402,0.000163840816248,0.000174697929315,0.000185203017566,0.000195215738516,0.00020460441069,0.000213250217629,0.000221050032751,0.000227917940064,0.000233785558314,0.000238601314983,0.000242328859476,0.000244944843493,0.000246436321393,0.000246798027806,0.000246029771448,0.000244134145693,0.000241114703047,0.000236974679227,0.000231716288768,0.000225340551812,0.000217847551126,0.000209236926477,0.000199508305333,0.000188661466299,0.000176695811292,0.000163608680227,0.000149392002143,0.000134026838434,0.000117475650358,9.96727952591e-05,8.05150833229e-05,5.98565366286e-05,3.75151172232e-05,1.33042294635e-05,-1.28924883525e-05,-4.09814912314e-05,-7.04405739422e-05,-0.000100030967548,-0.000127504304557,-0.000149443879632,-0.000161451639973,-0.000158936675662,-0.000138767328453,-0.000101909689419,-5.63239134435e-05,-1.70157527308e-05,0
0,1.7760005568e-06,6.31194902184e-06,1.29508563513e-05,2.11235848492e-05,3.03506145369e-05,4.02603059334e-05,5.06001085924e-05,6.12304410167e-05,7.21023378214e-05,8.32258613331e-05,9.46372254387e-05,0.000106370702593,0.000118438603065,0.000130820087194,0.000143457800426,0.000156260397289,0.000169108804748,0.000181864325703,0.000194377150842,0.000206494338424,0.000218066726026,0.000228954519557,0.000239031476677,0.000248187699155,0.000256331107132,0.000263387712514,0.000269300850322,0.000274029566523,0.000277546393552,0.000279834763582,0.000280886310176,0.000280698289761,0.000279271317934,0.000276607566514,0.000272709511052,0.000267579260232,0.000261218441297,0.000253628560325,0.00024481169371,0.000234771182692,0.000223512158853,0.000211041498649,0.000197366735224,0.000182493377004,0.000166420065238,0.00014913113864,0.000130586619681,0.000110710638496,8.93812167635e-05,6.64275967047e-05,4.16463753015e-05,1.4854644445e-05,-1.39944076544e-05,-4.46066387681e-05,-7.60443797671e-05,-0.00010636514098,-0.000132330945032,-0.000149424965435,-0.00015249405045,-0.000137368172408,-0.000103720960724,-5.86886727302e-05,-1.80509224316e-05,0
0,1.59567173523e-06,5.75163602369e-06,1.19839379591e-05,1.98751498965e-05,2.90557784749e-05,3.92157896336e-05,5.01200223848e-05,6.16126339218e-05,7.36072386826e-05,8.6066612928e-05,9.89783212532e-05,0.000112331964702,0.000126101728258,0.000140235731927,0.000154651978899,0.000169239648163,0.000183864056349,0.000198373650801,0.000212607693302,0.000226403678194,0.00023960388465,0.000252060737694,0.000263640840205,0.000274227657894,0.000283722916746,0.000292046828353,0.000299137304172,0.000304948357945,0.000309447923859,0.000312615332513,0.000314438684609,0.000314912343011,0.000314034729785,0.000311806569933,0.000308229672299,0.000303306284612,0.000297039006627,0.000289431194616,0.000280487744696,0.000270215954586,0.000258626255923,0.000245732480796,0.000231551197945,0.000216099561906,0.000199391047926,0.000181428474303,0.000162193970401,0.000141636247781,0.00011965700782,9.61010636948e-05,7.07594353788e-05,4.34019812467e-05,1.38659301207e-05,-1.77644768826e-05,-5.08567266556e-05,-8.38184922925e-05,-0.000113678276797,-0.000135905588343,-0.00014485518069,-0.000135293832587,-0.000105432528498,-6.12806318135e-05,-1.92318507551e-05,0
0,1.34088285389e-06,4.92205918032e-06,1.0474952129e-05,1.77774392202e-05,2.66076370375e-05,3.67451242672e-05,4.79896161678e-05,6.01768254738e-05,7.31830179034e-05,8.69183622353e-05,0.000101313347789,0.000116303300151,0.000131814931918,0.000147757161149,0.00016401684892,0.000180458976658,0.000196930170209,0.000213264299187,0.000229288991329,0.000244832154683,0.00025972788271,0.000273821364004,0.000286972606336,0.000299058917505,0.000309976177861,0.00031963900611,0.000327979970668,0.000334948037461,0.000340506471095,0.00034463041825,0.000347304398502,0.000348519909148,0.000348273319039,0.000346564185392,0.000343394080649,0.000338765967083,0.000332684107352,0.000325154451728,0.000316185400911,0.000305788723092,0.000293980321177,0.000280780617057,0.000266214099971,0.000250307506653,0.000233085998666,0.000214566656459,0.000194748718438,0.000173600434462,0.000151043470547,0.000126937964299,0.000101075327396,7.31928055707e-05,4.30347319894e-05,1.04995242908e-05,-2.40794351074e-05,-5.94932118225e-05,-9.31226095926e-05,-0.000120542515077,-0.000135709657897,-0.000132321075024,-0.000106950014761,-6.41227792707e-05,-2.05939408983e-05,0
0,9.93584475563e-07,3.76368088603e-06,8.31586021126e-06,1.46792040908e-05,2.28233053699e-05,3.26467615619e-05,4.40001722325e-05,5.67159833803e-05,7.06304597487e-05,8.55935350949e-05,0.000101468433928,0.000118125314533,0.000135433129928,0.000153252726576,0.000171432772953,0.000189808903755,0.000208205662585,0.00022644042743,0.000244328416402,0.000261687975246,0.00027834553627,0.000294139837787,0.000308925166439,0.000322573520722,0.000334975696011,0.000346041367154,0.000355698301132,0.00036389087289,0.000370578083352,0.000375731289655,0.000379331853817,0.000381368898555,0.000381837329898,0.000380736248657,0.000378067829735,0.000373836702602,0.00036804982005,0.000360716757664,0.000351850345604,0.00034146748484,0.000329589791579,0.000316243886709,0.000301460925765,0.000285274877993,0.000267718950293,0.000248819460133,0.000228586464626,0.000207000690957,0.000183997028718,0.00015944644295,0.000133141341716,0.000104795402479,7.40795414786e-05,4.07327928497e-05,4.80702159483e-06,-3.2892802718e-05,-7.01801489855e-05,-0.000102867870649,-0.000124638226132,-0.000128137777966,-0.000108125772769,-6.72302461284e-05,-2.21851553008e-05,0
0,5.24682278339e-07,2.18485969336e-06,5.3471889473e-06,1.03668017077e-05,1.74564026208e-05,2.66625734337e-05,3.78981664536e-05,5.09918214245e-05,6.57321154912e-05,8.18974252491e-05,9.92711613433e-05,0.000117646101698,0.000136822514166,0.000156604050923,0.000176794068819,0.000197193712969,0.000217602091488,0.000237818242744,0.000257644305157,0.000276889244961,0.000295372578655,0.000312927665341,0.000329404290494,0.000344670392672,0.000358612890715,0.00037113765151,0.000382168700414,0.000391646820345,0.000399527713011,0.000405779907451,0.000410382598229,0.000413323579813,0.000414597417277,0.000414203959168,0.000412147259111,0.000408434930863,0.000403077919207,0.00039609062797,0.000387491309446,0.000377302596192,0.000365551881851,0.000352271302986,0.000337497028485,0.000321267405024,0.000303619409199,0.000284582741722,0.000264170834339,0.000242368132037,0.000219113452744,0.000194280337741,0.000167657662859,0.000138938509065,0.00010773462163,7.36512914846e-05,3.64852367839e-05,-3.36573194476e-06,-4.42189318082e-05,-8.22695701898e-05,-0.000111085142706,-0.000122318028386,-0.000108742501225,-7.060871265e-05,-2.40766042225e-05,0
0,-1.12803105405e-07,4.4267615137e-08,1.33294082527e-06,4.53728382785e-06,1.01731940558e-05,1.84598492218e-05,2.93739413555e-05,4.27296327311e-05,5.8252116668e-05,7.56316287867e-05,9.45563604876e-05,0.000114728363595,0.000135868211395,0.000157713680338,0.000180016319055,0.000202538254881,0.000225050336701,0.000247331850854,0.000269171552962,0.000290369546809,0.000310739513261,0.000330110863576,0.00034833050329,0.000365264010073,0.000380796134162,0.000394830616644,0.000407289387819,0.000418111255757,0.000427250225378,0.000434673602141,0.000440360033729,0.000444297629772,0.000446482276459,0.000446916232413,0.000445607057183,0.000442566886475,0.00043781203078,0.000431362837883,0.000423243726991,0.000413483278203,0.000402114199328,0.000389172833309,0.000374698017176,0.000358728891595,0.000341301175198,0.000322441296374,0.000302157673666,0.000280428434461,0.000257185106619,0.000232292553666,0.000205527076173,0.000176558050705,0.000144945787128,0.000110183907495,7.18451559137e-05,2.99349783185e-05,-1.44209644456e-05,-5.79536604393e-05,-9.43190921386e-05,-0.000114285476344,-0.000108487893675,-7.42503942185e-05,-2.63803145146e-05,0
0,-9.94904703947e-07,-2.87565332217e-06,-4.07438156225e-06,-3.23579847547e-06,5.25645476967e-07,7.61422002813e-06,1.80542364362e-05,3.16186864819e-05,4.79422949938e-05,6.66039311587e-05,8.71782244866e-05,0.000109262652523,0.000132487937131,0.000156518735644,0.000181049837956,0.000205801228076,0.000230513834314,0.00025494669774,0.000278875609133,0.000302092912045,0.000324408041731,0.000345648377104,0.000365660058911,0.000384308528377,0.000401478641641,0.000417074303863,0.000431017637747,0.000443247753287,0.000453719219324,0.000462400354632,0.000469271458747,0.000474323093152,0.000477554504415,0.000478972255141,0.000478589098828,0.000476423103024,0.00047249699346,0.000466837661265,0.000459475747199,0.0004504451932,0.000439782637657,0.000427526372383,0.000413714629625,0.000398382909107,0.00038155990684,0.000363261503204,0.000343482152342,0.000322182963361,0.000299275888578,0.000274603915051,0.000247918279742,0.000218856074821,0.000186926730483,0.000151528006224,0.000112040622728,6.81070275819e-05,2.02693412973e-05,-2.88919880131e-05,-7.33765417693e-05,-0.000103256779673,-0.000106911893977,-7.81217108238e-05,-2.92750723339e-05,0
0,-2.24509645998e-06,-6.90818422328e-06,-1.13802008349e-05,-1.354123454e-05,-1.20721089189e-05,-6.39750315257e-06,3.50868864616e-06,1.73285537864e-05,3.45648590748e-05,5.46547618789e-05,7.7038889006e-05,0.000101197161011,0.000126662605631,0.000153022305108,0.000179912043918,0.00020700888906,0.000234024101574,0.000260697482201,0.000286793429896,0.000312098532869,0.000336420307874,0.000359586660111,0.00038144568175,0.000401865492989,0.000420733925343,0.000437957935896,0.00045346271529,0.000467190508351,0.000479099204388,0.000489160775666,0.000497359649672,0.000503691096114,0.000508159695939,0.000510777939661,0.000511564978501,0.000510545526179,0.000507748883318,0.000503208031204,0.000496958717736,0.000489038436375,0.000479485181895,0.00046833581575,0.00045562373321,0.000441375624027,0.000425606936216,0.000408315555395,0.000389473100145,0.000369013164215,0.000346815899787,0.000322688667885,0.000296343266382,0.00026737179341,0.00023522642283,0.000199216449417,0.000158558371919,0.000112571297454,6.12154351556e-05,6.25018954857e-06,-4.69790349183e-05,-8.81520305327e-05,-0.000103351069685,-8.21293430317e-05,-3.30360407054e-05,0
0,-4.0649536889e-06,-1.25596134949e-05,-2.13036394572e-05,-2.71624893197e-05,-2.83454277038e-05,-2.41715944616e-05,-1.47043280076e-05,-4.3195734502e-07,1.79593741885e-05,3.97292097336e-05,6.41640576511e-05,9.06165890794e-05,0.000118518704927,0.00014737994462,0.000176778885161,0.000206352295519,0.000235784735136,0.000264799868616,0.000293153871553,0.000320630791556,0.000347039485628,0.000372211683487,0.000396000753745,0.000418280825609,0.000438946010822,0.000457909559922,0.000475102863755,0.0004904742714,0.00050398773852,0.000515621346806,0.000525365747744,0.00053322258507,0.000539202942558,0.000543325849895,0.000545616861461,0.000546106702702,0.000544829957812,0.000541823751214,0.000537126354077,0.000530775625536,0.00052280717635,0.000513252121662,0.000502134176734,0.000489465817456,0.000475243201572,0.000459439390842,0.000441995325063,0.000422807930318,0.000401714784946,0.000378475025168,0.000352746771454,0.000324062426362,0.000291805078795,0.000255193711233,0.000213299286257,0.000165160163592,0.000110184318491,4.92130940661e-05,-1.34135657219e-05,-6.7452324166e-05,-9.6793159544e-05,-8.60380652683e-05,-3.80513966724e-05,0
0,-6.7864131686e-06,-2.05885517207e-05,-3.48289950367e-05,-4.50704661358e-05,-4.90913506641e-05,-4.62616799202e-05,-3.6888624589e-05,-2.17434953643e-05,-1.77046757039e-06,2.20760254028e-05,4.89132145825e-05,7.7963788242e-05,0.00010856220213,0.000140146910552,0.000172246501206,0.000204464428749,0.000236464905832,0.000267961115142,0.000298706039856,0.000328485719646,0.000357114505503,0.00038443181664,0.000410299928501,0.000434602395076,0.00045724280044,0.000478143625113,0.00049724509243,0.000514503924095,0.0005298919815,0.00054339480103,0.000555010049564,0.000564745932978,0.000572619588288,0.0005786554814,0.0005828838193,0.000585338969518,0.00058605786189,0.000585078328596,0.000582437318011,0.000578168895472,0.000572301918644,0.000564857246263,0.000555844294911,0.000545256626338,0.00053306626759,0.000519216339457,0.000503611474563,0.000486105449942,0.000466485496363,0.000444452971024,0.000419600587121,0.000391387228315,0.000359112530731,0.00032189539153,0.000278667427546,0.000228222246897,0.000169467031619,0.000102279305196,2.96360843472e-05,-3.89766130682e-05,-8.56373006921e-05,-8.92916161454e-05,-4.47858252345e-05,0
0,-1.09637804668e-05,-3.21048525248e-05,-5.32065967369e-05,-6.82892289367e-05,-7.49237852732e-05,-7.28331217297e-05,-6.27989373073e-05,-4.60153982963e-05,-2.37556796695e-05,2.78436587723e-06,3.25496289504e-05,6.46418001353e-05,9.83117897525e-05,0.00013294183582,0.000168024420039,0.000203141776762,0.000237947911186,0.000272153862058,0.000305516235901,0.000337828654203,0.00036891558407,0.000398627987521,0.000426840267778,0.000453448073267,0.000478366615563,0.000501529250542,0.000522886153711,0.000542402987299,0.000560059507171,0.000575848092907,0.000589772206261,0.000601844793888,0.000612086652041,0.000620524765892,0.000627190626212,0.000632118512549,0.000635343715941,0.000636900655717,0.000636820824197,0.000635130469037,0.000631847894555,0.000626980229034,0.000620519465565,0.00061243750219,0.000602679816372,0.000591157382369,0.000577736325167,0.000562224758285,0.000544356286334,0.000523769848345,0.00049998601773,0.000472380586492,0.000440157109743,0.00040232082671,0.000357658089643,0.000304738429242,0.000242027474571,0.000168455808217,8.53225786078e-05,4.57538591876e-07,-6.72796569292e-05,-9.06525273119e-05,-5.3614584107e-05,0
0,-1.75410306641e-05,-4.86557903104e-05,-7.77663887752e-05,-9.74130474542e-05,-0.00010554847248,-0.000102754255258,-9.0589364788e-05,-7.08176486222e-05,-4.50953309931e-05,-1.48647770188e-05,1.86646171542e-05,5.45002073978e-05,9.18373115527e-05,0.000130027777153,0.000168550197769,0.000206983840885,0.000244987025016,0.000282279921961,0.000318631350082,0.000353848933574,0.000387771950102,0.000420266221169,0.000451220478106,0.000480543735651,0.000508163307532,0.000534023193559,0.000558082649876,0.000580314820683,0.000600705360721,0.000619251014142,0.000635958138831,0.000650841177899,0.000663921083943,0.000675223698754,0.00068477808297,0.000692614778035,0.000698763967446,0.000703253486035,0.000706106604646,0.00070733949226,0.000706958227197,0.000704955191758,0.00070130463976,0.00069595717313,0.000688832757932,0.000679811862958,0.000668724225968,0.000655334694624,0.000639325605507,0.000620275309037,0.000597632791486,0.000570688918531,0.000538545504582,0.000500083736571,0.000453932819855,0.000398440884053,0.000331680815533,0.000251710743741,0.000157955412077,5.55279689409e-05,-3.74167764932e-05,-8.75179247628e-05,-6.44037539838e-05,0
0,-2.81539097307e-05,-7.21476002338e-05,-0.000109154077943,-0.000131219119777,-0.000137896757418,-0.00013136417189,-0.000114294134239,-8.91357721587e-05,-5.79378777169e-05,-2.23525223296e-05,1.63097914176e-05,5.70172235507e-05,9.8960202443e-05,0.000141503802637,0.000184148558437,0.000226499221716,0.000268240404236,0.000309117970645,0.000348925105151,0.000387492077337,0.000424678854401,0.000460369836217,0.00049447011791,0.000526902805849,0.000557607022509,0.000586536330605,0.000613657385954,0.000638948691596,0.000662399373688,0.000684007933998,0.000703780956379,0.000721731757139,0.000737878973751,0.000752245084365,0.000764854843555,0.000775733608578,0.000784905515887,0.000792391449737,0.000798206723405,0.000802358367824,0.000804841891336,0.000805637336146,0.000804704410615,0.000801976423179,0.000797352668454,0.00079068882834,0.000781784888958,0.000770370006434,0.000756083731888,0.00073845306532,0.000716864994721,0.000690534511691,0.000658468492751,0.000619425907095,0.000571873498723,0.000513931986859,0.00044330846533,0.000357294188146,0.000253434597878,0.000133106595022,1.10950146711e-05,-7.46528201122e-05,-7.56399584966e-05,0
0,-4.55849976644e-05,-0.000103977713312,-0.000144855775853,-0.000162961369672,-0.00016155270292,-0.000145297098521,-0.00011825590274,-8.35739107868e-05,-4.35985347593e-05,-6.42035539086e-08,4.57453675201e-05,9.28752493066e-05,0.000140610220893,0.000188409483154,0.000235859590857,0.000282640478906,0.000328500935694,0.000373240943513,0.000416699043094,0.000458743379475,0.00049926542983,0.000538175657954,0.00057540052104,0.000610880393857,0.000644568085512,0.000676427711649,0.000706433754272,0.000734570195119,0.000760829648804,0.000785212450629,0.000807725672774,0.000828382053107,0.000847198824566,0.000864196431208,0.000879397110561,0.000892823311696,0.000904495904688,0.00091443212009,0.000922643136301,0.000929131207581,0.000933886195023,0.000936881325552,0.000938067958779,0.000937369087619,0.000934671237254,0.000929814336855,0.000922579061834,0.00091267106443,0.000899701433421,0.000883162668014,0.000862399421416,0.000836573244922,0.000804620443658,0.000765201628361,0.000716639717588,0.000656837641545,0.000583154235678,0.000492216905795,0.000379896832168,0.000243241828771,9.00632285246e-05,-4.18072071565e-05,-8.27160504491e-05,0
0,-7.37240421192e-05,-0.000140829211897,-0.00017151964641,-0.000170603006804,-0.000147911142769,-0.000111305084929,-6.61458577713e-05,-1.59234685836e-05,3.71184601787e-05,9.15336010296e-05,0.000146379356878,0.000201029468115,0.000255057071073,0.000308162613964,0.000360129133595,0.000410794184742,0.000460032016836,0.00050774217002,0.000553842179153,0.00059826295807,0.000640945952795,0.000681841459614,0.000720907693372,0.000758110314121,0.000793422204484,0.00082682335074,0.000858300725766,0.000887848105746,0.000915465777474,0.00094116011051,0.000964942979592,0.000986831028271,0.00100684476567,0.00102500748495,0.00104134398543,0.00105587906989,0.00106863577592,0.0010796332834,0.0010888844207,0.0010963926683,0.00110214852986,0.00110612510618,0.00110827266591,0.00110851195712,0.00110672594633,0.00110274959253,0.00109635718098,0.00108724663927,0.00107502012806,0.00105916002073,0.00103899911656,0.00101368347367,0.000982125410267,0.000942942610958,0.000894376032733,0.0008341722654,0.000759399226548,0.000666126567031,0.000548896236855,0.000400673984385,0.000218854917518,3.10156267808e-05,-7.42149956986e-05,0
0,-0.000111332855068,-0.000156263003487,-0.000140499987318,-9.1026578782e-05,-2.59443648621e-05,4.48780504518e-05,0.000116516771988,0.000186707235005,0.000254526822102,0.000319692084229,0.000382202526632,0.000442166746515,0.000499720960964,0.000554993606009,0.000608092190123,0.0006591004698,0.000708080103337,0.000755073993115,0.000800110035965,0.000843204731422,0.000884366438484,0.000923598221319,0.000960900283603,0.00099627201024,0.00102971363846,0.00106122757875,0.00109081940414,0.00111849852542,0.00114427856924,0.0011681774755,0.00119021732925,0.00121042393941,0.00122882617243,0.00124545504219,0.00126034254923,0.00127352025143,0.00128501753504,0.00129485953925,0.00130306466919,0.0013096416103,0.00131458573152,0.00131787473507,0.00131946337507,0.00131927702619,0.00131720383125,0.00131308509773,0.00130670353191,0.00129776878838,0.00128589964836,0.00127060187046,0.0012512402875,0.00122700287253,0.00119685292837,0.00115946263713,0.00111311572097,0.00105555635755,0.000983739567782,0.00089338785516,0.000778140556206,0.000628007597331,0.00042920364822,0.000183555070529,-2.19932586136e-05,0
0,-9.86569450375e-05,-2.05898228873e-05,0.000108673410302,0.000240383697114,0.000359810580977,0.00046455924601,0.000556097971023,0.000636730545218,0.000708618437251,0.000773532328399,0.000832845873326,0.000887597879475,0.000938563534184,0.000986316816762,0.00103128047503,0.0010737645195,0.0011139953496,0.00115213762947,0.0011883106957,0.00122260089365,0.00125507089679,0.00128576678663,0.00131472345694,0.00134196874662,0.001367526589,0.00139141938253,0.00141366972985,0.00143430165241,0.00145334136056,0.00147081763997,0.00148676190166,0.00150120793169,0.00151419136698,0.00152574891416,0.00153591731781,0.00154473207365,0.00155222586903,0.00155842671952,0.00156335575379,0.00156702458164,0.00156943215965,0.00157056104662,0.0015703729157,0.00156880316034,0.00156575439767,0.00156108863137,0.00155461777363,0.00154609213219,0.00153518630828,0.00152148165932,0.00150444393124,0.0014833936214,0.00145746464029,0.00142554302157,0.00138617003194,0.00133737938255,0.00127640804913,0.00119915373646,0.00109909090969,0.000964936540488,0.000775639374051,0.000497481876338,0.000151888505437,0
0,0.000439503899493,0.000771188719737,0.000996135351663,0.00114944395688,0.00125760299399,0.00133721449369,0.00139835579199,0.00144719669452,0.00148759606169,0.00152202581097,0.0015521051662,0.00157891533371,0.00160318968663,0.00162543191718,0.0016459913897,0.00166511233624,0.00168296663201,0.00169967601625,0.00171532739137,0.00172998350511,0.00174369050599,0.00175648334895,0.00176838969791,0.00177943275614,0.00178963331315,0.00179901120385,0.00180758631393,0.0018153792256,0.00182241157165,0.00182870614814,0.00183428682437,0.00183917827932,0.0018434055865,0.00184699366205,0.00184996658375,0.00185234678142,0.00185415409118,0.00185540465755,0.00185610965865,0.00185627382018,0.00185589367422,0.00185495550863,0.0018534329423,0.00185128405053,0.00184844795201,0.00184484075225,0.00184035070946,0.00183483243673,0.00182809985049,0.00181991736591,0.00180998842051,0.00179793957269,0.00178329676608,0.00176544703766,0.00174357217858,0.00171652654111,0.00168259945694,0.0016390282162,0.00158094020693,0.00149889262432,0.00137264527902,0.00115357710347,0.000718872215046,0
0.00200741260142,0.00200741260142,0.00200741260142,0.00200741260142,0.00200741260142,0.00200741260142,0.00200741260142,0.00200741260142,0.00200741260142,0.00200741260142,0.00200741260142,0.00200741260142,0.00200741260142,0.00200741260142,0.00200741260142,0.00200741260142,0.00200741260142,0.00200741260142,0.00200741260142,0.00200741260142,0.00200741260142,0.00200741260142,0.00200741260142,0.00200741260142,0.00200741260142,0.00200741260142,0.00200741260142,0.00200741260142,0.00200741260142,0.00200741260142,0.00200741260142,0.00200741260142,0.00200741260142,0.00200741260142,0.00200741260142,0.00200741260142,0.00200741260142,0.00200741260142,0.00200741260142,0.00200741260142,0.00200741260142,0.00200741260142,0.00200741260142,0.00200741260142,0.00200741260142,0.00200741260142,0.00200741260142,0.00200741260142,0.00200741260142,0.00200741260142,0.00200741260142,0.00200741260142,0.00200741260142,0.00200741260142,0.00200741260142,0.00200741260142,0.00200741260142,0.00200741260142,0.00200741260142,0.00200741260142,0.00200741260142,0.00200741260142,0.00200741260142,0.00200741260142,0.00200741260142
