-0,0,0,0,0,0,0,0,0,0,0,0,0,0,0,0,0,0,0,0,0,0,0,0,0,0,0,0,0,0,0,0,0,0,0,0,0,0,0,0,0,0,0,0,0,0,0,0,0,0,0,0,0,0,0,0,0,0,0,0,0,0,0,0,0,0,0,0,0,0,0,0,0,0,0,0,0,0,0,0,0,0,0,0,0,0,0,0,0,0,0,0,0,0,0,0,0,0,0,0,0,0,0,0,0,0,0,0,0,0,0,0,0,0,0,0,0,0,0,0,0,0,0,0,0,0,0,0,0,0,0,0,0,0,0,0,0,0,0,0,0,0,0,0,0,0,0,0,0,0,0,0,0,0,0,0,0,0,0,0,0
0.00258733179739,0.00263799558392,0.00264892006863,0.00265230748803,0.00265396547895,0.00265497935691,0.0026555986947,0.00265586143536,0.0026556726324,0.00265475697581,0.00265251677055,0.00264773485371,0.00263798640987,0.00261851361597,0.00258022938065,0.00250702504911,0.00237637380014,0.00217886449911,0.00196153157277,0.00174904466211,0.00154656703882,0.00135265236879,0.00116539336217,0.000984668723425,0.000812780430561,0.000654104985942,0.000513915026453,0.000396771130996,0.000305229322229,0.000239416853548,0.00019748069966,0.000176479167845,0.000173184524092,0.000184488735059,0.000207445253721,0.000239156342199,0.000276714827267,0.000317294275962,0.000358348277,0.000397813843862,0.000434231789845,0.000466754889272,0.000495064689832,0.000519239600657,0.000539614538777,0.000556658737591,0.000570883638833,0.000582782049168,0.000592793828177,0.000601291241224,0.000608577273642,0.000614891434212,0.00062041908537,0.000625301711606,0.000629646616065,0.000633535299407,0.000637030269854,0.000640180323702,0.000643024483536,0.00064559483748,0.00064791852478,0.000650019086616,0.000651917363079,0.000653632077581,0.000655180213996,0.000656577261681,0.000657837379964,0.000658973515901,0.000659997496503,0.000660920107885,0.000661751168121,0.000662499597022,0.000663173483985,0.00066378015398,0.000664326231251,0.000664817700162,0.000665259962699,0.000665657892261,0.000666015883529,0.000666337898369,0.000666627507817,0.000666887930305,0.000667122066331,0.000667332529827,0.000667521676471,0.000667691629226,0.000667844301338,0.000667981417054,0.000668104530279,0.000668215041364,0.000668314212241,0.000668403180038,0.000668482969362,0.000668554503359,0.000668618613687,0.000668676049506,0.000668727485589,0.000668773529632,0.000668814728853,0.000668851575943,0.000668884514433,0.000668913943536,0.000668940222521,0.000668963674654,0.000668984590752,0.000669003232396,0.000669019834819,0.000669034609525,0.000669047746639,0.00066905941703,0.000669069774231,0.000669078956162,0.00066908708669,0.000669094277032,0.000669100627021,0.000669106226247,0.000669111155087,0.000669115485628,0.000669119282506,0.000669122603654,0.000669125500986,0.000669128021,0.000669130205332,0.00066913209125,0.000669133712101,0.00066913509771,0.000669136274738,0.000669137267016,0.000669138095826,0.000669138780172,0.000669139337013,0.000669139781476,0.000669140127044,0.000669140385735,0.000669140568248,0.000669140684109,0.000669140741789,0.000669140748823,0.000669140711905,0.000669140636984,0.000669140529345,0.000669140393683,0.000669140234176,0.000669140054545,0.00066913985812,0.000669139647898,0.000669139426606,0.000669139196768,0.000669138960784,0.00066913872102,0.00066913847993,0.000669138240211,0.00066913800503,0.000669137778324,0.000669137565262,0.000669137372933,0.000669137211508,0.000669137096834,0.000669137063537,0.000669137361273,0.000669137253044
0.00722668536512,0.00723796209168,0.00724792269534,0.00725352547032,0.0072568654288,0.00725900795492,0.00726034444886,0.00726093451268,0.00726056981423,0.00725866373373,0.00725394867515,0.00724384574878,0.00722321968627,0.00718201161992,0.00710112406312,0.00694718140878,0.00667427847426,0.00625931014519,0.00577128950332,0.00526178138888,0.00475212808572,0.00424745876709,0.0037480863848,0.00325590627468,0.00277746969208,0.00232449286019,0.00191196142432,0.00155452073292,0.00126274342141,0.0010408996222,0.000887021293211,0.000794732452655,0.00075549009079,0.000760172488166,0.000799777756041,0.000865573618444,0.000949169524009,0.00104276891414,0.00113956973364,0.00123413418552,0.00132257690808,0.00140252791649,0.00147291703279,0.00153366426797,0.00158535521706,0.00162895492264,0.00166558581901,0.00169637413166,0.00172235650919,0.00174443329502,0.00176335425236,0.00177972449469,0.0017940212518,0.00180661497141,0.00181779067017,0.00182776726603,0.00183671387771,0.00184476286877,0.00185201986279,0.00185857116959,0.00186448912728,0.00186983584386,0.00187466575794,0.00187902735976,0.00188296433556,0.00188651632947,0.00188971946079,0.00189260669071,0.00189520809993,0.00189755111567,0.00189966071055,0.00190155958588,0.00190326834524,0.00190480566066,0.00190618843175,0.00190743193723,0.00190854997808,0.00190955501178,0.00191045827698,0.00191126990867,0.00191199904392,0.00191265391836,0.00191324195399,0.00191376983889,0.00191424359924,0.00191466866452,0.00191504992623,0.00191539179097,0.00191569822819,0.00191597281331,0.00191621876654,0.00191643898787,0.00191663608861,0.00191681241987,0.00191697009817,0.00191711102858,0.00191723692557,0.00191734933184,0.00191744963527,0.00191753908423,0.00191761880138,0.00191768979613,0.00191775297589,0.00191780915615,0.00191785906967,0.00191790337468,0.00191794266236,0.00191797746348,0.00191800825446,0.00191803546285,0.00191805947218,0.00191808062643,0.00191809923399,0.00191811557124,0.00191812988583,0.00191814239955,0.00191815331096,0.00191816279777,0.00191817101898,0.00191817811673,0.0019181842181,0.00191818943661,0.00191819387365,0.0019181976197,0.00191820075547,0.00191820335293,0.00191820547623,0.00191820718246,0.00191820852247,0.00191820954145,0.00191821027958,0.00191821077255,0.00191821105204,0.00191821114612,0.00191821107968,0.00191821087475,0.00191821055082,0.0019182101251,0.00191820961282,0.00191820902738,0.00191820838063,0.001918207683,0.00191820694372,0.00191820617093,0.00191820537187,0.00191820455298,0.00191820372013,0.0019182028787,0.00191820203384,0.00191820119065,0.00191820035448,0.00191819953136,0.00191819872849,0.00191819795505,0.0019181972233,0.00191819655034,0.00191819596107,0.00191819549528,0.00191819523884,0.00191819554436,0.0019181952341
0.0111522922301,0.0111471858269,0.0111503274318,0.0111536117334,0.0111561785425,0.0111580553683,0.0111592806559,0.0111597615178,0.0111591746176,0.0111567765572,0.0111510180472,0.0111387735151,0.0111138301222,0.0110640186482,0.0109662369309,0.0107801307417,0.0104498217095,0.00994279190649,0.00932310490834,0.00864545294821,0.00793909436194,0.0072164375264,0.00648283439687,0.00574395392791,0.00501057906585,0.00430055403396,0.00363741851727,0.00304602125758,0.0025468833328,0.00215182548221,0.0018626273596,0.00167266487426,0.00156998950101,0.00154023727751,0.00156852364245,0.00164038545564,0.00174228109875,0.00186203786495,0.0019893121878,0.00211593810116,0.00223604497342,0.00234592186904,0.0024436897224,0.00252887638591,0.00260198201162,0.00266409476503,0.00271658682959,0.0027608969793,0.00279839115118,0.00283028540521,0.00285761412117,0.00288122794962,0.00290180913181,0.00291989517583,0.00293590489096,0.00295016317913,0.00296292272379,0.0029743818812,0.00298469879043,0.0029940021008,0.00300239887811,0.00300998027705,0.00301682551847,0.00302300462739,0.00302858029497,0.00303360914134,0.00303814258179,0.00304222743845,0.00304590639422,0.00304921835153,0.00305219873515,0.00305487976176,0.00305729068906,0.00305945805037,0.00306140587725,0.00306315591061,0.0030647278,0.00306613929056,0.00306740639723,0.00306854356596,0.00306956382219,0.00307047890677,0.00307129940006,0.00307203483467,0.00307269379779,0.00307328402384,0.00307381247825,0.00307428543302,0.00307470853509,0.00307508686789,0.00307542500692,0.00307572706987,0.00307599676181,0.00307623741595,0.00307645203042,0.00307664330141,0.00307681365306,0.00307696526445,0.00307710009395,0.00307721990108,0.00307732626638,0.00307742060921,0.00307750420385,0.00307757819399,0.00307764360585,0.00307770135991,0.00307775228159,0.0030777971108,0.00307783651058,0.00307787107485,0.00307790133544,0.00307792776839,0.00307795079964,0.00307797081009,0.0030779881403,0.00307800309452,0.0030780159445,0.00307802693283,0.00307803627592,0.00307804416674,0.00307805077727,0.00307805626065,0.0030780607532,0.00307806437614,0.00307806723723,0.00307806943217,0.00307807104585,0.00307807215358,0.00307807282203,0.00307807311024,0.00307807307038,0.00307807274853,0.00307807218533,0.00307807141662,0.0030780704739,0.00307806938486,0.00307806817382,0.00307806686207,0.00307806546824,0.00307806400862,0.00307806249741,0.00307806094702,0.00307805936826,0.00307805777055,0.00307805616218,0.00307805455046,0.00307805294196,0.00307805134271,0.00307804975849,0.00307804819511,0.00307804665885,0.00307804515699,0.00307804369857,0.00307804229547,0.003078040964,0.00307803972736,0.0030780386199,0.00307803769706,0.00307803707042,0.00307803700816,0.00307803651031
0.0143641523924,0.0143531904393,0.0143511237392,0.0143511298648,0.0143516573794,0.0143522230529,0.0143525742041,0.0143524557074,0.0143514549741,0.0143487844454,0.0143428848473,0.0143306550783,0.0143059465939,0.0142566793364,0.0141597143542,0.0139738545097,0.0136397303787,0.0131171592118,0.0124630240766,0.0117239184792,0.0109267737029,0.0100855027712,0.00920810989812,0.00830300304073,0.00738408597493,0.00647365365307,0.00560190988938,0.00480272054749,0.00410697088089,0.00353625834433,0.00309948326805,0.00279322674526,0.00260486939715,0.00251654342457,0.00250842785891,0.00256089284684,0.00265574997779,0.00277701500647,0.00291139263609,0.00304851037529,0.00318088627355,0.00330365838865,0.00341415114884,0.00351137018509,0.00359550507086,0.00366749351143,0.00372867353353,0.00378052887594,0.00382451901289,0.00386197830248,0.00389406684091,0.00392175682066,0.00394584097682,0.00396695296558,0.00398559259252,0.00400215136908,0.00401693582489,0.00403018737432,0.0040420984238,0.00405282492752,0.00406249586097,0.00407122017375,0.00407909177385,0.00408619303278,0.00409259721687,0.00409837016323,0.00410357144027,0.00410825516681,0.00411247061123,0.00411626265283,0.00411967215825,0.00412273630617,0.00412548887942,0.00412796053528,0.00413017905912,0.00413216960369,0.00413395491458,0.00413555554195,0.00413699003809,0.0041382751409,0.00413942594332,0.00414045604898,0.00414137771466,0.00414220198016,0.00414293878649,0.004143597083,0.00414418492453,0.00414470955921,0.0041451775079,0.00414559463588,0.0041459662176,0.00414629699512,0.00414659123084,0.00414685275505,0.00414708500887,0.00414729108296,0.0041474737524,0.0041476355082,0.0041477785857,0.00414790499016,0.00414801651983,0.00414811478681,0.00414820123572,0.0041482771607,0.00414834372058,0.00414840195261,0.00414845278482,0.00414849704718,0.00414853548158,0.00414856875088,0.00414859744702,0.00414862209832,0.00414864317606,0.00414866110041,0.00414867624571,0.00414868894527,0.00414869949566,0.00414870816058,0.00414871517431,0.00414872074484,0.00414872505664,0.00414872827319,0.00414873053923,0.00414873198276,0.00414873271686,0.00414873284132,0.0041487324441,0.00414873160259,0.00414873038483,0.0041487288505,0.00414872705189,0.00414872503474,0.00414872283894,0.00414872049924,0.00414871804584,0.0041487155049,0.00414871289901,0.00414871024768,0.00414870756762,0.00414870487315,0.00414870217649,0.00414869948804,0.00414869681661,0.00414869416967,0.0041486915536,0.00414868897387,0.00414868643529,0.00414868394225,0.00414868149903,0.00414867911015,0.00414867678082,0.0041486745176,0.00414867232928,0.00414867022811,0.0041486682317,0.00414866636586,0.00414866466963,0.00414866320596,0.00414866208858,0.00414866146323,0.00414866079221
0.0168622658519,0.016849500414,0.016844536735,0.0168421740047,0.0168408283983,0.0168399336173,0.0168391722396,0.0168382494945,0.0168367551058,0.0168339744734,0.0168285461918,0.0168177974968,0.0167964337691,0.0167539637376,0.0166698314256,0.0165056711054,0.0162013483492,0.0157083629296,0.015081079744,0.0143560562237,0.0135529690285,0.0126821184652,0.0117500340586,0.0107647103296,0.00974048136152,0.00870140152531,0.00768154960957,0.0067213174582,0.00586051248688,0.00513074865359,0.00455000343632,0.00412108153535,0.00383382194792,0.00366941531285,0.00360491325029,0.00361672902144,0.00368288016673,0.00378424021143,0.00390512055755,0.00403339621062,0.00416030734598,0.0042800426482,0.00438920379279,0.0044862383489,0.00457090695666,0.00464382560286,0.00470610119172,0.00475906157181,0.00480407035965,0.00484241145019,0.00487522662461,0.00490349073329,0.00492801135715,0.00494944275955,0.00496830676968,0.00498501567545,0.00499989412827,0.00501319847034,0.00502513285299,0.0050358621128,0.00504552170612,0.00505422515398,0.00506206948555,0.00506913913758,0.00507550870427,0.00508124485809,0.0050864076901,0.00509105165524,0.00509522625585,0.00509897655616,0.00510234358978,0.00510536470024,0.00510807383942,0.00511050183836,0.00511267665842,0.00511462362674,0.00511636565776,0.00511792346136,0.00511931573771,0.00512055935866,0.00512166953599,0.00512265997651,0.00512354302449,0.00512432979208,0.00512503027808,0.0051256534762,0.0051262074732,0.00512669953788,0.00512713620169,0.00512752333158,0.00512786619583,0.00512816952357,0.00512843755846,0.00512867410716,0.00512888258305,0.00512906604569,0.00512922723638,0.00512936861026,0.0051294923652,0.00512960046789,0.00512969467731,0.00512977656589,0.0051298475386,0.00512990885004,0.00512996162,0.00513000684726,0.00513004542218,0.00513007813791,0.00513010570057,0.00513012873827,0.00513014780939,0.00513016340984,0.00513017597973,0.00513018590927,0.00513019354409,0.00513019919004,0.00513020311745,0.00513020556499,0.00513020674309,0.00513020683708,0.00513020600988,0.00513020440454,0.00513020214643,0.0051301993452,0.0051301960966,0.00513019248402,0.00513018857993,0.00513018444713,0.00513018013987,0.0051301757049,0.00513017118228,0.00513016660627,0.00513016200597,0.00513015740601,0.00513015282704,0.0051301482863,0.00513014379804,0.00513013937387,0.00513013502318,0.0051301307534,0.00513012657034,0.00513012247834,0.00513011848063,0.00513011457942,0.00513011077622,0.00513010707193,0.00513010346717,0.00513009996241,0.00513009655837,0.00513009325628,0.00513009005842,0.00513008696877,0.00513008399393,0.00513008114445,0.00513007843682,0.00513007589651,0.00513007356312,0.00513007150006,0.00513006980806,0.00513006853738,0.00513006770762
0.0186466326088,0.0186334314527,0.0186270208594,0.0186233348881,0.0186207939432,0.018618844913,0.018617206112,0.0186156322101,0.0186137994556,0.0186111673606,0.0186067301312,0.0185985294851,0.0185826725186,0.0185513009356,0.0184882914141,0.0183606617531,0.0181087278696,0.0176731342263,0.0171111098574,0.0164502448207,0.0157021497695,0.0148714819962,0.0139606510745,0.0129743684196,0.0119244182383,0.0108334836499,0.00973621334749,0.00867621086616,0.00769935892716,0.00684559074286,0.00614193098094,0.00559901210324,0.00521174893585,0.00496320693384,0.00482974468044,0.00478566366451,0.00480649534445,0.00487088520097,0.00496140066494,0.00506463196894,0.00517087274773,0.00527358084615,0.00536875610205,0.00545432551193,0.00552959075952,0.005594766013,0.0056506143238,0.00569817805992,0.00573859139134,0.00577295956211,0.00580228925281,0.0058274556775,0.00584919432643,0.00586810784885,0.00588468106442,0.00589929926515,0.00591226671992,0.00592382361086,0.00593416055723,0.00594343048888,0.00595175799335,0.00595924644794,0.00596598331983,0.00597204401772,0.00597749464052,0.00598239391305,0.00598679454065,0.00599074415983,0.00599428601568,0.00599745945943,0.00600030033002,0.00600284126259,0.00600511195106,0.00600713938154,0.00600894804616,0.00601056014255,0.00601199576152,0.00601327306392,0.00601440844693,0.00601541669978,0.00601631114896,0.00601710379278,0.00601780542559,0.00601842575199,0.0060189734913,0.00601945647306,0.00601988172388,0.00602025554637,0.00602058359077,0.00602087091982,0.0060211220674,0.00602134109159,0.00602153162261,0.00602169690606,0.00602183984197,0.00602196301997,0.00602206875107,0.00602215909624,0.00602223589216,0.00602230077448,0.00602235519863,0.00602240045868,0.00602243770422,0.00602246795559,0.00602249211751,0.00602251099138,0.00602252528631,0.00602253562905,0.00602254257281,0.0060225466053,0.00602254815585,0.00602254760181,0.0060225452743,0.00602254146335,0.0060225364225,0.00602253037289,0.00602252350699,0.00602251599182,0.00602250797195,0.00602249957208,0.00602249089937,0.00602248204555,0.00602247308878,0.00602246409525,0.00602245512071,0.00602244621172,0.00602243740686,0.00602242873773,0.00602242022985,0.00602241190348,0.00602240377436,0.00602239585429,0.00602238815172,0.00602238067223,0.00602237341897,0.00602236639302,0.00602235959374,0.00602235301906,0.00602234666575,0.00602234052963,0.00602233460576,0.00602232888866,0.00602232337244,0.00602231805097,0.00602231291803,0.00602230796745,0.0060223031933,0.00602229859006,0.0060222941529,0.00602228987801,0.00602228576301,0.00602228180763,0.00602227801462,0.00602227439103,0.00602227095022,0.00602226771485,0.00602226472172,0.00602226202934,0.00602225971881,0.00602225778576,0.00602225681169
0.0197172526629,0.0197040033698,0.019696931239,0.019692627949,0.019689498938,0.0196870003374,0.0196848966248,0.0196830173929,0.0196811648961,0.0196790328281,0.0196760717944,0.0196712235742,0.0196623588436,0.0196449776709,0.0196088099355,0.0195285159386,0.019345911791,0.0189864870331,0.0185156175551,0.0179528750984,0.0173024357765,0.0165633175199,0.0157330499316,0.0148116004267,0.0138061407136,0.0127354103081,0.0116316300669,0.0105383113831,0.00950407651969,0.00857432707529,0.00778341506955,0.00714964791654,0.00667434802272,0.00634470904293,0.00613887128415,0.0060312127859,0.00599647133744,0.00601226905486,0.00606025154073,0.00612627779194,0.00620006761411,0.00627459710722,0.00634542395446,0.00641004538191,0.00646733999735,0.00651711261267,0.00655974222571,0.00659592309078,0.00662648414258,0.00665227083123,0.00667407424058,0.00669259424916,0.00670842583281,0.00672206000236,0.00673389307691,0.00674423988201,0.00675334798023,0.00676141119489,0.00676858151437,0.00677497902054,0.00678069983168,0.00678582224373,0.00679041134242,0.00679452238051,0.00679820319727,0.00680149592035,0.00680443814692,0.00680706375799,0.00680940348192,0.00681148529138,0.00681333469284,0.00681497494892,0.0068164272597,0.00681771091943,0.0068188434584,0.00681984077523,0.00682071726228,0.00682148592525,0.00682215849701,0.00682274554568,0.00682325657655,0.00682370012752,0.00682408385817,0.00682441463215,0.00682469859316,0.0068249412348,0.00682514746429,0.00682532166074,0.00682546772806,0.00682558914303,0.0068256889988,0.00682577004433,0.00682583471998,0.00682588518964,0.00682592336971,0.00682595095526,0.00682596944349,0.00682598015496,0.00682598425257,0.00682598275868,0.00682597657048,0.00682596647376,0.00682595315527,0.00682593721382,0.00682591917016,0.00682589947592,0.00682587852151,0.00682585664324,0.00682583412966,0.00682581122722,0.0068257881453,0.00682576506074,0.00682574212181,0.00682571945178,0.00682569715212,0.00682567530523,0.006825653977,0.00682563321898,0.00682561307036,0.00682559355966,0.00682557470627,0.00682555652179,0.00682553901122,0.00682552217395,0.00682550600475,0.00682549049447,0.00682547563082,0.00682546139891,0.00682544778182,0.00682543476103,0.00682542231681,0.00682541042858,0.00682539907519,0.00682538823515,0.00682537788687,0.00682536800884,0.00682535857973,0.00682534957856,0.00682534098483,0.00682533277852,0.00682532494026,0.00682531745132,0.00682531029371,0.00682530345023,0.00682529690453,0.00682529064115,0.00682528464566,0.00682527890477,0.00682527340649,0.00682526814043,0.00682526309818,0.00682525827387,0.00682525366502,0.00682524927377,0.00682524510876,0.00682524118791,0.00682523754266,0.00682523422302,0.00682523128964,0.00682522871634,0.00682522761241
0.0200741260142,0.020060890752,0.0200536316469,0.0200491613737,0.0200458822845,0.0200432608969,0.0200410986035,0.020039295549,0.0200377860368,0.0200365188177,0.0200354462861,0.0200345033783,0.0200335224756,0.0200318201956,0.0200261145004,0.0200011571199,0.0199021399587,0.0196329217724,0.0192728734153,0.0188334496348,0.018312041451,0.0177026898694,0.016998291625,0.0161937308591,0.0152905835242,0.0143020435741,0.0132557536547,0.0121925119821,0.0111607228573,0.0102082636255,0.00937430205243,0.00868336537606,0.00814310701667,0.00774601190138,0.00747389756336,0.00730326683576,0.00720986289807,0.00717167001377,0.00717039342454,0.00719182406566,0.00722554775119,0.00726435089733,0.0073035442195,0.00734032449109,0.00737322878307,0.00740169732981,0.00742574084811,0.00744569871859,0.00746207127638,0.00747540964903,0.00748624838896,0.00749506858085,0.00750228162251,0.00750822620481,0.00751317302671,0.0075173334314,0.00752086944453,0.00752390366751,0.00752652817486,0.00752881203738,0.00753080739263,0.00753255415877,0.00753408357431,0.00753542077592,0.00753658662189,0.00753759894588,0.00753847339514,0.00753922397561,0.00753986339736,0.00754040328914,0.00754085433079,0.00754122633685,0.00754152831325,0.00754176850084,0.00754195441368,0.00754209287654,0.00754219006326,0.00754225153672,0.00754228228994,0.00754228678773,0.00754226900827,0.00754223248378,0.00754218033977,0.00754211533254,0.00754203988444,0.00754195611687,0.00754186588087,0.00754177078524,0.00754167222242,0.00754157139202,0.00754146932218,0.00754136688903,0.00754126483416,0.0075411637804,0.00754106424603,0.00754096665753,0.00754087136095,0.00754077863212,0.00754068868579,0.00754060168367,0.0075405177417,0.00754043693643,0.0075403593107,0.00754028487865,0.00754021363015,0.00754014553473,0.00754008054497,0.00754001859951,0.00753995962573,0.00753990354197,0.00753985025957,0.00753979968459,0.00753975171929,0.00753970626341,0.00753966321527,0.00753962247271,0.00753958393385,0.00753954749777,0.00753951306509,0.00753948053833,0.00753944982237,0.00753942082469,0.00753939345564,0.00753936762853,0.00753934325986,0.00753932026931,0.00753929857985,0.00753927811773,0.00753925881246,0.0075392405968,0.00753922340673,0.00753920718133,0.00753919186277,0.0075391773962,0.00753916372964,0.00753915081393,0.00753913860259,0.00753912705176,0.00753911612008,0.00753910576856,0.00753909596055,0.00753908666161,0.00753907783942,0.00753906946372,0.00753906150628,0.0075390539408,0.00753904674296,0.00753903989042,0.00753903336294,0.00753902714252,0.00753902121374,0.00753901556421,0.00753901018531,0.0075390050733,0.00753900023099,0.00753899567019,0.0075389914152,0.0075389875055,0.00753898398332,0.00753898082051,0.00753897960113
0.0197172526629,0.0197040179821,0.0196969614348,0.0196926910543,0.0196896293066,0.0196872626803,0.0196854190273,0.01968405538,0.0196832275725,0.0196831334806,0.0196842264855,0.0196874428935,0.0196946163056,0.0197090639721,0.0197353238617,0.0197711232582,0.0197689013711,0.0196012364313,0.0193689689468,0.0190740341258,0.018707242335,0.0182582211796,0.017715680008,0.0170695392037,0.0163154493059,0.0154602417712,0.0145256980405,0.0135481755543,0.0125737199446,0.0116502527566,0.0108193408858,0.0101098000125,0.00953461443367,0.00909166718931,0.00876747332036,0.00854216394444,0.00839404500661,0.00830280303019,0.00825122630004,0.00822576301011,0.00821635816996,0.00821593959497,0.00821979564881,0.00822497863333,0.00822979460917,0.00823339761312,0.00823548392777,0.00823607218614,0.00823535219805,0.00823358606812,0.0082310474323,0.00822798736338,0.00822461812298,0.00822110822544,0.00821758415257,0.00821413552663,0.0082108216594,0.00820767820358,0.00820472320073,0.0082019621992,0.00819939235607,0.00819700557642,0.00819479081438,0.00819273568655,0.00819082754762,0.00818905416289,0.00818740409075,0.00818586686501,0.00818443304605,0.00818309419122,0.00818184278012,0.00818067211876,0.00817957623816,0.00817854979669,0.00817758799108,0.00817668647831,0.00817584130889,0.00817504887086,0.00817430584335,0.00817360915845,0.00817295596999,0.00817234362805,0.008171769658,0.00817123174324,0.00817072771092,0.00817025551982,0.00816981325021,0.00816939909497,0.00816901135198,0.00816864841733,0.00816830877925,0.00816799101269,0.00816769377428,0.00816741579778,0.0081671558898,0.00816691292587,0.00816668584667,0.00816647365459,0.00816627541038,0.00816609023006,0.00816591728193,0.00816575578379,0.00816560500022,0.0081654642401,0.00816533285412,0.00816521023253,0.0081650958029,0.00816498902809,0.0081648894042,0.00816479645873,0.00816470974877,0.00816462885927,0.00816455340147,0.00816448301131,0.00816441734799,0.00816435609261,0.00816429894683,0.00816424563165,0.00816419588621,0.00816414946673,0.0081641061454,0.00816406570944,0.00816402796017,0.00816399271206,0.008163959792,0.00816392903843,0.00816390030067,0.00816387343818,0.00816384831993,0.0081638248238,0.00816380283598,0.00816378225044,0.00816376296842,0.00816374489795,0.00816372795344,0.0081637120552,0.0081636971291,0.0081636831062,0.00816366992236,0.008163657518,0.00816364583774,0.00816363483016,0.00816362444756,0.00816361464571,0.00816360538368,0.00816359662367,0.00816358833087,0.00816358047341,0.00816357302232,0.00816356595163,0.00816355923852,0.00816355286374,0.00816354681213,0.00816354107361,0.00816353564461,0.00816353053007,0.00816352574614,0.00816352132095,0.00816351728121,0.00816351360557,0.00816351228518
0.0186466326088,0.0186334596503,0.0186270781538,0.0186234548202,0.0186210427726,0.0186193467986,0.0186182065738,0.0186176209963,0.0186177523559,0.0186190265981,0.018622360164,0.0186296184683,0.0186445095541,0.0186742080381,0.0187314152904,0.0188300844134,0.0189376853523,0.0188811569753,0.0187933919292,0.0186635966168,0.018475454821,0.0182142358545,0.0178646627977,0.017411839777,0.0168454303078,0.0161655584796,0.0153875073239,0.0145422453523,0.0136721670798,0.0128236092649,0.0120387066457,0.011348823465,0.0107709994291,0.0103079861301,0.00995125167804,0.00968538739487,0.00949235097615,0.00935460645686,0.00925693046035,0.00918711748902,0.00913596481028,0.0090968839581,0.00906537833436,0.00903852437625,0.00901452160851,0.0089923333005,0.00897141617616,0.00895152701807,0.0089325906389,0.00891461410583,0.00889763421243,0.00888168781934,0.00886679721732,0.00885296483672,0.00884017336013,0.00882838861117,0.00881756355257,0.00880764240249,0.00879856433548,0.00879026653092,0.00878268651326,0.0087757638302,0.00876944116447,0.00876366499107,0.00875838588942,0.0087535586066,0.00874914195132,0.00874509858098,0.00874139472844,0.00873799990179,0.00873488657989,0.00873202991811,0.00872940747294,0.00872699894968,0.00872478597473,0.00872275189219,0.00872088158322,0.00871916130638,0.0087175785566,0.00871612194075,0.00871478106756,0.00871354645029,0.00871240942026,0.00871136204997,0.00871039708441,0.00870950787968,0.00870868834794,0.0087079329078,0.00870723643971,0.00870659424564,0.00870600201259,0.00870545577954,0.00870495190743,0.00870448705193,0.00870405813864,0.00870366234048,0.00870329705714,0.0087029598963,0.00870264865647,0.00870236131136,0.00870209599553,0.00870185099133,0.00870162471685,0.00870141571504,0.00870122264355,0.00870104426559,0.00870087944141,0.00870072712059,0.0087005863349,0.00870045619178,0.00870033586831,0.0087002246057,0.00870012170424,0.00870002651865,0.00869993845376,0.00869985696057,0.00869978153269,0.00869971170291,0.00869964704023,0.00869958714694,0.00869953165609,0.00869948022908,0.00869943255344,0.00869938834078,0.00869934732499,0.00869930926043,0.00869927392041,0.00869924109568,0.00869921059311,0.00869918223443,0.00869915585511,0.00869913130324,0.00869910843863,0.00869908713188,0.00869906726353,0.00869904872333,0.00869903140953,0.00869901522821,0.00869900009271,0.00869898592305,0.00869897264546,0.0086989601919,0.00869894849964,0.00869893751089,0.00869892717242,0.00869891743534,0.00869890825478,0.00869889958973,0.00869889140291,0.00869888366073,0.00869887633333,0.00869886939486,0.00869886282389,0.00869885660415,0.00869885072567,0.00869884518642,0.00869883999408,0.00869883516559,0.00869883071485,0.00869882662899,0.00869882522201
0.0168622658519,0.0168495393044,0.016844613605,0.0168423367823,0.0168411704808,0.0168406277173,0.0168405591147,0.0168410088477,0.0168422414464,0.0168448841656,0.0168502446294,0.0168609598359,0.0168822962759,0.0169247211104,0.017008563993,0.0171668349807,0.0173969088808,0.0174604620281,0.0175377180314,0.0175978890941,0.0176152694107,0.0175700080165,0.017442840792,0.0172143431321,0.0168684331598,0.01639857944,0.0158134184254,0.0151381706794,0.0144109665045,0.0136756529457,0.0129737748305,0.0123379887564,0.0117882788342,0.0113315458433,0.0109640156401,0.0106750253142,0.0104507792201,0.0102772243751,0.0101417954931,0.010034189929,0.00994648329235,0.0098728820925,0.0098093285238,0.00975308615098,0.00970237117282,0.00965605379583,0.0096134320152,0.0095740693816,0.00953768439822,0.00950407894428,0.00947309464732,0.0094445882931,0.00941841954964,0.00939444619196,0.0093725235428,0.00935250599559,0.00933424930941,0.00931761293018,0.00930246196114,0.00928866863524,0.00927611327547,0.00926468479827,0.00925428084516,0.00924480763328,0.00923617960815,0.00922831896944,0.00922115512534,0.00921462411728,0.00920866804494,0.00920323451101,0.00919827609816,0.00919374988476,0.0091896170018,0.00918584223124,0.00918239364391,0.00917924227425,0.00917636182897,0.00917372842622,0.00917132036202,0.00916911790126,0.00916710309022,0.00916525958833,0.00916357251708,0.00916202832392,0.00916061465977,0.00915932026841,0.00915813488664,0.009157049154,0.00915605453106,0.00915514322541,0.00915430812463,0.00915354273542,0.00915284112841,0.00915219788803,0.00915160806699,0.00915106714488,0.00915057099053,0.00915011582784,0.00914969820459,0.00914931496413,0.00914896321956,0.00914864033029,0.00914834388055,0.00914807165997,0.00914782164575,0.0091475919865,0.00914738098743,0.00914718709688,0.00914700889406,0.00914684507778,0.00914669445626,0.00914655593777,0.00914642852208,0.00914631129267,0.00914620340967,0.00914610410328,0.00914601266788,0.00914592845659,0.00914585087631,0.00914577938319,0.00914571347847,0.00914565270471,0.00914559664231,0.00914554490634,0.00914549714363,0.00914545303015,0.00914541226854,0.0091453745859,0.00914533973177,0.00914530747626,0.00914527760833,0.00914524993425,0.00914522427613,0.00914520047069,0.00914517836795,0.00914515783024,0.00914513873112,0.00914512095448,0.00914510439369,0.00914508895086,0.00914507453608,0.00914506106683,0.00914504846735,0.00914503666815,0.00914502560548,0.00914501522097,0.00914500546122,0.00914499627749,0.0091449876255,0.00914497946525,0.00914497176096,0.00914496448119,0.00914495759912,0.00914495109305,0.00914494494726,0.00914493915317,0.00914493371041,0.00914492862549,0.00914492390186,0.00914491953318,0.00914491805405
0.0143641523924,0.0143532325887,0.0143512049277,0.0143513112245,0.0143520520503,0.0143530341972,0.0143542015517,0.0143556974866,0.0143579030466,0.0143616085896,0.0143683932244,0.0143813996812,0.0144069038769,0.0144575546645,0.0145593107817,0.0147642925014,0.0151250014704,0.0153242210096,0.015603191577,0.0158915187825,0.0161489701904,0.0163501908818,0.0164732332066,0.0164956827099,0.0163968717166,0.0161642744747,0.0158001682108,0.015324053895,0.0147696029786,0.0141777427668,0.013588775366,0.0130358505786,0.0125410868104,0.0121148784785,0.0117578391803,0.0114640020549,0.0112240273404,0.0110277024004,0.0108655215785,0.0107294590321,0.010613180331,0.0105119300706,0.0104222729155,0.0103417982136,0.0102688464138,0.0102022820634,0.0101413189974,0.0100853935387,0.0100340774085,0.00998702112908,0.00994391945656,0.00990449184906,0.00986847261384,0.00983560687192,0.00980564971335,0.009778366857,0.00975353580407,0.0097309469325,0.00971040427429,0.00969172589413,0.00967474388571,0.00965930404856,0.00964526532381,0.00963249906576,0.00962088821564,0.00961032643114,0.00960071721145,0.00959197304605,0.00958401460539,0.00957676998443,0.00957017400397,0.00956416757114,0.00955869709764,0.00955371397275,0.00954917408725,0.00954503740408,0.00954126757136,0.00953783157368,0.0095346994178,0.00953184384922,0.00952924009643,0.0095268656399,0.00952470000335,0.00952272456496,0.00952092238656,0.00951927805889,0.00951777756148,0.00951640813561,0.00951515816912,0.00951401709194,0.0095129752813,0.00951202397564,0.00951115519656,0.00951036167789,0.00950963680125,0.0095089745376,0.00950836939405,0.00950781636559,0.0095073108912,0.00950684881397,0.00950642634484,0.00950604002963,0.00950568671911,0.00950536354167,0.00950506787861,0.00950479734154,0.0095045497519,0.00950432312227,0.00950411563941,0.00950392564881,0.00950375164059,0.00950359223675,0.00950344617944,0.00950331232043,0.00950318961138,0.00950307709507,0.00950297389738,0.00950287921998,0.00950279233369,0.00950271257241,0.0095026393276,0.00950257204325,0.00950251021127,0.00950245336735,0.00950240108712,0.00950235298267,0.0095023086994,0.00950226791313,0.00950223032743,0.00950219567127,0.00950216369677,0.00950213417725,0.00950210690537,0.00950208169147,0.00950205836207,0.00950203675845,0.00950201673542,0.00950199816012,0.009501980911,0.00950196487687,0.00950194995597,0.00950193605523,0.0095019230895,0.00950191098093,0.00950189965833,0.00950188905671,0.00950187911674,0.00950186978438,0.00950186101055,0.00950185275088,0.00950184496552,0.00950183761914,0.00950183068104,0.00950182412545,0.00950181793208,0.00950181208684,0.00950180658225,0.00950180141565,0.009501796582,0.00950179207859,0.00950179054174
0.0111522922301,0.0111472121981,0.0111503847365,0.0111537757946,0.0111565685207,0.0111588752286,0.0111609340512,0.0111630588273,0.0111657348738,0.011169825197,0.0111769748006,0.0111904130724,0.0112165749036,0.0112685006708,0.0113737380961,0.0115961883063,0.0120721595063,0.0124729216502,0.0130395654101,0.013617966152,0.0141552989649,0.014628752277,0.0150204438768,0.0153094702745,0.015473166046,0.0154942412994,0.0153690570595,0.0151114392524,0.0147504363475,0.0143237370289,0.0138699468434,0.0134221558259,0.0130040223967,0.01262888569,0.0123013347926,0.0120198736005,0.0117795746845,0.0115741583052,0.0113973466173,0.0112435839642,0.011108309518,0.0109879631963,0.0108798594647,0.0107820146482,0.0106929749903,0.0106116676806,0.0105372824401,0.0104691833811,0.0104068471102,0.0103498216847,0.0102977010371,0.0102501101696,0.0102066973733,0.0101671307032,0.0101310967857,0.0100983007141,0.0100684662846,0.0100413361711,0.0100166718569,0.00999425327552,0.00997387818424,0.00995536132631,0.00993853344669,0.00992324022239,0.00990934115842,0.00989670848907,0.00988522611286,0.00987478857998,0.00986530014357,0.00985667388004,0.00984883087998,0.00984169950794,0.009835214728,0.00982931749088,0.00982395417783,0.00981907609652,0.00981463902437,0.00981060279479,0.00980693092227,0.00980359026269,0.00980055070532,0.00979778489355,0.0097952679716,0.00979297735466,0.00979089252037,0.00978899481949,0.00978726730408,0.00978569457147,0.00978426262266,0.00978295873366,0.00978177133873,0.00978068992433,0.00977970493282,0.00977880767502,0.00977799025076,0.00977724547681,0.00977656682134,0.00977594834447,0.00977538464423,0.00977487080751,0.00977440236546,0.00977397525307,0.00977358577236,0.00977323055898,0.00977290655191,0.00977261096586,0.00977234126626,0.00977209514647,0.00977187050716,0.00977166543748,0.00977147819801,0.00977130720528,0.00977115101762,0.00977100832237,0.00977087792424,0.00977075873474,0.00977064976252,0.00977055010464,0.00977045893861,0.00977037551519,0.00977029915176,0.00977022922637,0.00977016517231,0.00977010647314,0.0097700526582,0.00977000329854,0.00976995800314,0.00976991641557,0.00976987821092,0.00976984309293,0.00976981079149,0.00976978106033,0.00976975367483,0.00976972843019,0.00976970513962,0.00976968363274,0.00976966375418,0.00976964536218,0.00976962832749,0.00976961253217,0.00976959786866,0.00976958423886,0.00976957155331,0.00976955973041,0.00976954869581,0.00976953838176,0.00976952872658,0.0097695196742,0.00976951117371,0.0097695031791,0.00976949564896,0.00976948854632,0.00976948183864,0.00976947549796,0.00976946950105,0.00976946382979,0.009769458471,0.00976945341443,0.00976944864818,0.0097694441709,0.00976944259076
0.00722668536512,0.0072379267215,0.00724791367442,0.00725363114805,0.00725717745743,0.00725968458256,0.00726171456763,0.0072636677925,0.00726600797353,0.00726948095225,0.0072754677935,0.00728665885573,0.00730840513863,0.00735154279955,0.00743902483339,0.0076277342945,0.00812042341611,0.00902801602515,0.0100495642824,0.0109782059251,0.0118092470367,0.0125511541593,0.013202879941,0.0137508486052,0.0141728854695,0.0144476378663,0.014565374417,0.0145337257586,0.0143765180008,0.0141276027355,0.0138233049275,0.0134960867213,0.0131705910217,0.0128625794002,0.0125801725429,0.0123260154817,0.0120993891924,0.0118978559417,0.0117183587661,0.011557856506,0.0114136301716,0.0112833880405,0.011165262241,0.0110577554428,0.010959671087,0.0108700445862,0.0107880836173,0.010713120402,0.0106445759872,0.0105819350471,0.0105247291073,0.0104725260141,0.0104249237119,0.0103815467724,0.0103420445247,0.0103060900033,0.01027337922,0.01024363048,0.0102165836081,0.0101919990399,0.0101696567841,0.0101493552868,0.0101309102357,0.0101141533433,0.010098931139,0.0100851037959,0.0100725440096,0.0100611359399,0.0100507742217,0.0100413630477,0.010032815322,0.0100250518823,0.0100180007877,0.0100115966682,0.01000578013,0.0100004972143,0.00999569890388,0.00999134067378,0.00998738208237,0.00998378639923,0.00998052026644,0.00997755339056,0.00997485826241,0.00997240990221,0.00997018562778,0.00996816484391,0.00996632885072,0.00996466066963,0.00996314488507,0.00996176750075,0.00996051580903,0.00995937827225,0.00995834441494,0.00995740472599,0.00995655056971,0.00995577410515,0.00995506821281,0.0099544264281,0.00995384288098,0.00995331224107,0.00995282966796,0.00995239076596,0.00995199154313,0.00995162837408,0.00995129796615,0.00995099732878,0.00995072374565,0.00995047474946,0.00995024809899,0.00995004175825,0.00994985387768,0.00994968277692,0.0099495269293,0.00994938494772,0.00994925557181,0.00994913765627,0.00994903016037,0.0099489321383,0.00994884273051,0.00994876115575,0.00994868670397,0.00994861872973,0.00994855664633,0.00994849992043,0.00994844806717,0.00994840064574,0.00994835725536,0.00994831753162,0.00994828114319,0.00994824778877,0.00994821719438,0.00994818911088,0.00994816331167,0.00994813959069,0.00994811776053,0.00994809765074,0.0099480791063,0.00994806198622,0.00994804616226,0.0099480315178,0.00994801794676,0.00994800535268,0.00994799364787,0.00994798275256,0.00994797259427,0.00994796310715,0.00994795423137,0.00994794591267,0.00994793810186,0.00994793075447,0.00994792383042,0.00994791729379,0.00994791111261,0.00994790525885,0.00994789970837,0.00994789444078,0.00994788943886,0.00994788468654,0.00994788016651,0.00994787587756,0.00994787426856
0.00258733179739,0.00263780345598,0.00264880801743,0.00265232526805,0.00265410569724,0.00265529792153,0.00265624622036,0.00265715372273,0.00265824436329,0.00265987338229,0.00266269620159,0.00266798867329,0.00267828677731,0.00269870493758,0.00273987184407,0.00282716411121,0.00306822596514,0.00552807601093,0.00708547275266,0.0083087672888,0.00936582007167,0.0103159676219,0.0111779439061,0.0119456919999,0.012597012118,0.0131054423473,0.0134538183523,0.0136421925038,0.0136879146282,0.0136199199817,0.0134713431411,0.0132732542453,0.0130506150474,0.0128210154721,0.0125955937423,0.0123807159554,0.0121795531451,0.011993290529,0.0118219586223,0.0116649620322,0.0115213984755,0.0113902454697,0.0112704672832,0.0111610736467,0.0110611485006,0.0109698599717,0.0108864591006,0.0108102726433,0.0107406936002,0.0106771717424,0.0106192053154,0.0105663343302,0.0105181353976,0.0104742178365,0.0104342207309,0.0103978106349,0.0103646796908,0.0103345439934,0.0103071420938,0.0102822335837,0.0102595977286,0.0102390321407,0.0102203514898,0.0102033862603,0.0101879815574,0.0101739959715,0.0101613005032,0.0101497775535,0.0101393199785,0.0101298302104,0.010121219441,0.010113406868,0.0101063189991,0.0100998890121,0.0100940561667,0.0100887652654,0.0100839661593,0.0100796132961,0.0100756653068,0.0100720846283,0.0100688371583,0.0100658919415,0.0100632208824,0.0100607984846,0.0100586016125,0.0100566092749,0.0100548024281,0.0100531637961,0.0100516777083,0.0100503299504,0.0100491076306,0.0100479990564,0.0100469936239,0.0100460817169,0.0100452546147,0.0100445044096,0.0100438239306,0.0100432066755,0.0100426467481,0.0100421388021,0.01004167799,0.0100412599161,0.0100408805949,0.0100405364127,0.0100402240927,0.0100399406638,0.0100396834321,0.010039449955,0.0100392380177,0.0100390456117,0.0100388709163,0.0100387122801,0.010038568206,0.0100384373363,0.01003831844,0.0100382104007,0.0100381122063,0.0100380229388,0.0100379417658,0.0100378679325,0.0100378007545,0.010037739611,0.0100376839392,0.0100376332285,0.0100375870161,0.0100375448821,0.010037506446,0.0100374713624,0.0100374393183,0.0100374100298,0.0100373832394,0.0100373587136,0.0100373362407,0.0100373156287,0.0100372967036,0.0100372793074,0.010037263297,0.0100372485427,0.0100372349267,0.0100372223425,0.0100372106933,0.0100371998916,0.0100371898578,0.01003718052,0.010037171813,0.0100371636778,0.0100371560608,0.0100371489137,0.0100371421927,0.0100371358583,0.0100371298747,0.0100371242099,0.010037118835,0.0100371137242,0.0100371088544,0.010037104205,0.0100370997565,0.0100370954887,0.0100370913801,0.0100370874295,0.010037085806
0,4.64077910952e-104,7.8837522963e-104,1.03277408293e-103,1.21053783889e-103,1.33513268781e-103,1.42028831711e-103,1.47805250252e-103,1.5179186898e-103,1.54692657809e-103,1.57016834678e-103,1.59130221498e-103,1.61288194237e-103,1.63644063891e-103,1.66236243234e-103,1.68976643507e-103,1.71805667415e-103,0.00296923527122,0.00461711482664,0.00591429686668,0.00705586066516,0.00810996311467,0.00910053384749,0.0100233815129,0.0108536448559,0.0115578020923,0.012109393164,0.0124990885512,0.0127361266797,0.012843104216,0.0128487694767,0.0127818205052,0.0126667151377,0.0125221595991,0.0123616999731,0.012194914068,0.0120284521981,0.0118668072628,0.0117128690825,0.0115683329302,0.0114340147676,0.0113101041433,0.0111963686744,0.0110923150518,0.0109973094992,0.0109106620574,0.0108316809704,0.0107597043522,0.0106941159823,0.0106343509357,0.0105798953131,0.0105302829719,0.0104850910656,0.0104439354087,0.0104064661725,0.0103723641066,0.010341337314,0.0103131185273,0.0102874628044,0.0102641455601,0.010242960859,0.0102237199118,0.0102062497271,0.0101903918876,0.0101760014254,0.0101629457814,0.0101511038374,0.0101403650131,0.0101306284237,0.0101218020938,0.0101138022251,0.0101065525151,0.010099983525,0.0100940320939,0.0100886407972,0.0100837574475,0.0100793346348,0.0100753293034,0.0100717023641,0.0100684183388,0.0100654450347,0.0100627532471,0.0100603164874,0.010058110735,0.0100561142111,0.0100543071729,0.0100526717255,0.0100511916515,0.0100498522552,0.0100486402215,0.0100475434877,0.0100465511263,0.0100456532396,0.0100448408629,0.0100441058777,0.0100434409321,0.0100428393689,0.0100422951604,0.0100418028492,0.0100413574947,0.0100409546242,0.0100405901888,0.0100402605236,0.0100399623116,0.0100396925502,0.0100394485223,0.0100392277687,0.0100390280641,0.0100388473946,0.0100386839381,0.0100385360456,0.0100384022255,0.0100382811278,0.0100381715316,0.0100380723321,0.0100379825299,0.010037901221,0.0100378275879,0.0100377608907,0.0100377004607,0.0100376456929,0.0100375960401,0.0100375510076,0.010037510148,0.0100374730569,0.0100374393685,0.0100374087522,0.0100373809091,0.0100373555692,0.0100373324881,0.0100373114452,0.0100372922412,0.0100372746958,0.0100372586462,0.0100372439455,0.0100372304607,0.0100372180719,0.0100372066708,0.0100371961596,0.01003718645,0.0100371774624,0.0100371691249,0.0100371613726,0.0100371541471,0.0100371473955,0.0100371410705,0.0100371351289,0.0100371295324,0.0100371242459,0.010037119238,0.0100371144803,0.0100371099472,0.0100371056153,0.010037101463,0.0100370974706,0.0100370936188,0.0100370898875,0.0100370862541,0.0100370826937,0.0100370792051,0.0100370775816
0,4.13587319099e-104,7.34001628936e-104,9.77007560517e-104,1.15368344804e-103,1.27731306391e-103,1.36166807789e-103,1.4188119158e-103,1.45821105255e-103,1.48685795319e-103,1.5097920924e-103,1.5306141683e-103,1.55180144855e-103,1.57475616033e-103,1.59960205035e-103,1.62490847235e-103,1.64903200429e-103,0.00134193837267,0.00273751160427,0.00391772354349,0.0050082638777,0.0060589086428,0.00708873062465,0.00809184188591,0.00903952163847,0.00989021770412,0.0106069314216,0.0111694896055,0.0115775325475,0.0118459062818,0.0119977077526,0.0120581873633,0.0120503767999,0.0119932924026,0.0119021958788,0.0117892919171,0.0116642241821,0.0115344010229,0.0114052675408,0.0112805852544,0.0111627319388,0.0110530076078,0.0109519234183,0.0108594530719,0.0107752350985,0.0106987239034,0.0106292945236,0.0105663097542,0.0105091592112,0.0104572790051,0.0104101590015,0.0103673427904,0.0103284238553,0.0102930401554,0.010260868415,0.0102316187985,0.0102050302668,0.0101808666818,0.0101589136132,0.0101389757461,0.0101208747752,0.0101044476806,0.0100895452922,0.0100760310714,0.0100637800534,0.0100526779123,0.0100426201164,0.0100335111582,0.010025263843,0.0100177986288,0.0100110430122,0.0100049309548,0.00999940235003,0.00999440252634,0.00998988178578,0.00998579497668,0.00998210109843,0.00997876293684,0.00997574672845,0.00997302185208,0.00997056054585,0.00996833764804,0.00996633036004,0.00996451802986,0.00996288195448,0.00996140519978,0.00996007243641,0.00995886979046,0.00995778470756,0.00995680582939,0.00995592288142,0.00995512657098,0.00995440849468,0.00995376105446,0.00995317738132,0.00995265126628,0.00995217709765,0.00995174980426,0.00995136480398,0.00995101795708,0.00995070552394,0.00995042412686,0.00995017071536,0.00994994253481,0.00994973709808,0.00994955215979,0.00994938569308,0.0099492358686,0.00994910103542,0.00994897970383,0.00994887052981,0.00994877230088,0.00994868392343,0.00994860441116,0.0099485328747,0.00994846851218,0.00994841060076,0.00994835848891,0.00994831158949,0.00994826937345,0.00994823136421,0.00994819713247,0.00994816629164,0.00994813849364,0.00994811342512,0.00994809080409,0.00994807037678,0.00994805191492,0.00994803521319,0.00994802008701,0.00994800637041,0.0099479939143,0.0099479825847,0.0099479722613,0.00994796283609,0.00994795421215,0.0099479463025,0.00994793902918,0.00994793232228,0.00994792611919,0.00994792036384,0.00994791500602,0.00994791000084,0.00994790530813,0.009947900892,0.00994789672035,0.0099478927645,0.00994788899878,0.00994788540018,0.00994788194802,0.00994787862357,0.00994787540971,0.00994787229053,0.00994786925079,0.00994786627525,0.00994786334764,0.00994786044892,0.00994785755509,0.00994785463866,0.00994785169751,0.0099478500885
0,3.6604260953e-104,6.78902324446e-104,9.18834140737e-104,1.09319542722e-103,1.21485405544e-103,1.29761431029e-103,1.35354240654e-103,1.39204026653e-103,1.42000727549e-103,1.44238902431e-103,1.46269694209e-103,1.48330846025e-103,1.50547486386e-103,1.52903881977e-103,1.55204128218e-103,1.5719401064e-103,0.000394627295796,0.00137047701456,0.00232057673086,0.00326443861631,0.00422543539518,0.00521539003209,0.00622714034252,0.00722962131115,0.00817408138532,0.00901288643411,0.00971430860133,0.010267422996,0.010678240253,0.0109631152453,0.0111428535042,0.011238152729,0.011267508546,0.0112471659986,0.011191322829,0.0111120722775,0.0110192821607,0.0109205857192,0.0108215310738,0.01072585908,0.0106358507373,0.0105526858132,0.0104767694509,0.0104080027217,0.0103459897243,0.0102901851309,0.0102399919891,0.0101948214137,0.0101541251312,0.0101174099757,0.0100842412489,0.0100542398428,0.0100270763675,0.0100024642959,0.00998015326273,0.00995992308342,0.00994157870209,0.00992494607528,0.00990986889425,0.00989620600875,0.00988382940959,0.00987262264121,0.00986247953625,0.00985330318679,0.00984500508758,0.00983750440372,0.00983072732955,0.00982460651528,0.00981908054616,0.00981409346382,0.00980959432336,0.00980553678193,0.00980187871609,0.00979858186596,0.00979561150489,0.00979293613325,0.00979052719526,0.00978835881781,0.00978640756994,0.00978465224191,0.00978307364263,0.00978165441424,0.00978037886259,0.00977923280261,0.0097782034172,0.00977727912887,0.00977644948281,0.00977570504066,0.009775037284,0.00977443852662,0.00977390183507,0.00977342095645,0.00977299025302,0.00977260464294,0.00977225954658,0.00977195083784,0.00977167480024,0.00977142808698,0.00977120768499,0.00977101088227,0.00977083523847,0.00977067855822,0.00977053886708,0.00977041438975,0.00977030353047,0.00977020485521,0.0097701170757,0.00977003903494,0.00976996969414,0.00976990812097,0.00976985347887,0.00976980501752,0.00976976206417,0.00976972401585,0.00976969033233,0.00976966052979,0.00976963417512,0.00976961088079,0.00976959030018,0.00976957212343,0.0097695560737,0.00976954190376,0.00976952939297,0.00976951834453,0.00976950858301,0.00976949995215,0.00976949231288,0.00976948554149,0.00976947952805,0.00976947417495,0.00976946939564,0.0097694651134,0.00976946126032,0.0097694577764,0.00976945460865,0.00976945171035,0.00976944904038,0.00976944656262,0.00976944424537,0.00976944206089,0.00976943998495,0.00976943799642,0.00976943607692,0.0097694342105,0.00976943238331,0.00976943058336,0.0097694288002,0.0097694270247,0.00976942524873,0.00976942346488,0.00976942166611,0.00976941984525,0.00976941799447,0.00976941610438,0.00976941416272,0.00976941215243,0.00976941004912,0.00976940782257,0.00976940546819,0.00976940388805
0,3.21674158037e-104,6.2352195252e-104,8.58429897882e-104,1.0290917768e-103,1.1477120322e-103,1.2280725506e-103,1.2821985293e-103,1.31937423038e-103,1.34635396966e-103,1.3679465568e-103,1.38754274169e-103,1.40739941029e-103,1.42860524573e-103,1.45072343245e-103,1.47131812068e-103,1.48702135393e-103,-0.000119624083393,0.000404802989353,0.00107449230196,0.00181688994585,0.00262907672187,0.00351728297164,0.00447603028945,0.00547580584593,0.00646329729815,0.00738114775315,0.00818597379304,0.00885584474675,0.00938729547806,0.00978917306645,0.0100770621556,0.0102685442334,0.0103808125141,0.0104303676018,0.0104327414713,0.0104018883606,0.0103496271539,0.0102853644332,0.0102161209373,0.0101467837527,0.0100804816032,0.01001899404,0.00996313322163,0.00991306527103,0.009868560183,0.009829173313,0.00979436871245,0.00976359701311,0.00973634013861,0.00971213329425,0.00969057240337,0.00967131295848,0.00965406438904,0.00963858259377,0.00962466222401,0.00961212957426,0.00960083646299,0.00959065519957,0.0095814745758,0.00957319674548,0.00956573483221,0.0095590111105,0.00955295562429,0.00954750513058,0.00954260228044,0.00953819497019,0.00953423581385,0.00953068170168,0.00952749342043,0.00952463531854,0.00952207500537,0.00951978307717,0.00951773286517,0.00951590020291,0.00951426321071,0.00951280209605,0.00951149896897,0.00951033767144,0.00950930362011,0.00950838366177,0.00950756594057,0.00950683977657,0.00950619555457,0.00950562462285,0.00950511920071,0.00950467229455,0.00950427762142,0.00950392953977,0.00950362298653,0.00950335342016,0.00950311676903,0.00950290938473,0.00950272799989,0.00950256968991,0.00950243183859,0.00950231210687,0.00950220840484,0.0095021188663,0.00950204182592,0.00950197579863,0.00950191946108,0.00950187163485,0.00950183127144,0.0095017974387,0.00950176930866,0.00950174614653,0.00950172730088,0.00950171219478,0.00950170031784,0.00950169121906,0.00950168450046,0.00950167981132,0.00950167684299,0.00950167532433,0.00950167501755,0.00950167571448,0.0095016772333,0.00950167941555,0.00950168212349,0.00950168523771,0.00950168865505,0.00950169228668,0.00950169605644,0.00950169989933,0.00950170376016,0.00950170759238,0.00950171135701,0.00950171502171,0.00950171855994,0.00950172195021,0.00950172517542,0.0095017282223,0.00950173108089,0.00950173374405,0.00950173620712,0.0095017384675,0.0095017405244,0.00950174237849,0.00950174403173,0.00950174548713,0.00950174674854,0.00950174782048,0.00950174870803,0.00950174941664,0.00950174995202,0.00950175031999,0.00950175052636,0.00950175057672,0.00950175047631,0.00950175022973,0.00950174984059,0.00950174931107,0.00950174864123,0.00950174782801,0.00950174686373,0.00950174573378,0.00950174441387,0.00950174287056,0.00950174109337,0.00950173955652
0,2.80482105989e-104,5.68182784329e-104,7.95929691451e-104,9.61369497549e-104,1.07582851331e-103,1.15297717862e-103,1.20472687754e-103,1.24017561967e-103,1.26587442976e-103,1.28645075915e-103,1.30514372852e-103,1.32407170674e-103,1.34415706899e-103,1.36470336834e-103,1.38287030198e-103,1.39458958035e-103,-0.000397194612111,-0.000254325395314,0.000125871997404,0.000640712417597,0.00126840246997,0.00201022461092,0.00286550076544,0.00381186266591,0.00479608958983,0.00575285455798,0.00662715322636,0.00738578293899,0.00801548695484,0.0085171742143,0.00890071865686,0.0091799924477,0.00937019198427,0.00948736810301,0.00954771093448,0.0095664117179,0.00955669927474,0.00952932250784,0.00949246486795,0.00945196303715,0.00941168885111,0.00937398254567,0.00934006469284,0.00931038858784,0.00928491944059,0.00926334183139,0.00924520474442,0.00923001649984,0.0092173020008,0.0092066332731,0.0091976422062,0.00919002225769,0.00918352395724,0.00917794747024,0.00917313427849,0.00916895917083,0.00916532314987,0.0091621474862,0.00915936893012,0.00915693597276,0.00915480599816,0.00915294315686,0.00915131680324,0.00914990036041,0.00914867050119,0.0091476065576,0.00914669009225,0.00914590458235,0.00914523518097,0.00914466853068,0.00914419261244,0.00914379661849,0.00914347084178,0.0091432065773,0.0091429960324,0.00914283224437,0.00914270900435,0.00914262078689,0.00914256268474,0.00914253034872,0.00914251993241,0.00914252804132,0.00914255168652,0.00914258824229,0.00914263540766,0.00914269117153,0.00914275378111,0.00914282171347,0.00914289364983,0.00914296845251,0.00914304514419,0.0091431228893,0.00914320097737,0.00914327880811,0.00914335587812,0.00914343176899,0.00914350613668,0.00914357870212,0.00914364924279,0.00914371758531,0.00914378359876,0.00914384718889,0.00914390829291,0.00914396687492,0.00914402292188,0.00914407644006,0.00914412745192,0.00914417599338,0.00914422211143,0.00914426586203,0.00914430730833,0.00914434651904,0.00914438356712,0.00914441852858,0.00914445148148,0.00914448250506,0.00914451167902,0.00914453908289,0.00914456479554,0.00914458889469,0.00914461145665,0.00914463255595,0.00914465226514,0.00914467065464,0.00914468779255,0.00914470374461,0.0091447185741,0.00914473234179,0.00914474510599,0.00914475692248,0.00914476784456,0.00914477792313,0.00914478720665,0.00914479574128,0.00914480357087,0.0091448107371,0.00914481727948,0.00914482323547,0.00914482864056,0.00914483352828,0.00914483793037,0.00914484187674,0.00914484539563,0.00914484851358,0.00914485125553,0.00914485364477,0.00914485570302,0.00914485745028,0.0091448589048,0.00914486008286,0.00914486099844,0.00914486166279,0.00914486208364,0.00914486226408,0.0091448622009,0.00914486188201,0.0091448612832,0.00914486036707,0.00914485911214,0.00914485763301
0,2.42322320577e-104,5.13094254371e-104,7.31420037948e-104,8.89998742878e-104,9.99127129656e-104,1.07225027047e-103,1.12106586593e-103,1.15440202765e-103,1.17854225834e-103,1.19788658157e-103,1.2154921152e-103,1.23332339991e-103,1.25213995711e-103,1.27102032874e-103,1.28680864342e-103,1.29491009578e-103,-0.000553069069312,-0.000693655564063,-0.000571271434491,-0.000285357457217,0.000138836635442,0.000703153131071,0.00141431889742,0.00226202180844,0.0032004047057,0.00415939483574,0.00507222131681,0.00589368577349,0.00660041411471,0.00718515369455,0.00765183468089,0.00801020289718,0.00827282586771,0.00845460125658,0.00857168221173,0.00863986195553,0.00867325362281,0.00868356196955,0.00867988669065,0.00866888509003,0.00865512720092,0.00864151998064,0.0086297231143,0.00862051483844,0.00861409051507,0.00861029171964,0.00860877207761,0.00860911014066,0.00861088077015,0.008613695906,0.00861722406439,0.00862119601053,0.0086254021756,0.00862968573982,0.00863393397737,0.00863806945857,0.00864204199511,0.00864582173868,0.00864939354516,0.00865275254521,0.00865590077493,0.00865884468881,0.00866159337644,0.00866415732198,0.00866654756933,0.00866877518239,0.00867085091386,0.00867278501716,0.0086745871535,0.00867626635973,0.0086778310532,0.00867928905746,0.00868064763851,0.00868191354492,0.00868309304808,0.00868419198039,0.00868521577052,0.00868616947535,0.00868705780873,0.00868788516723,0.00868865565339,0.00868937309655,0.00869004107193,0.00869066291784,0.00869124175161,0.00869178048423,0.00869228183388,0.00869274833851,0.00869318236756,0.00869358613293,0.00869396169915,0.00869431099297,0.00869463581231,0.00869493783465,0.00869521862486,0.00869547964255,0.00869572224901,0.00869594771359,0.0086961572198,0.00869635187093,0.00869653269538,0.00869670065158,0.00869685663266,0.00869700147077,0.00869713594119,0.00869726076606,0.00869737661798,0.00869748412334,0.00869758386538,0.00869767638715,0.00869776219421,0.00869784175712,0.0086979155139,0.00869798387215,0.0086980472112,0.00869810588397,0.00869816021883,0.00869821052125,0.00869825707538,0.00869830014552,0.0086983399775,0.00869837679991,0.00869841082535,0.00869844225148,0.00869847126212,0.00869849802815,0.00869852270845,0.00869854545072,0.00869856639227,0.00869858566074,0.00869860337479,0.0086986196447,0.00869863457298,0.00869864825494,0.00869866077912,0.00869867222787,0.00869868267767,0.00869869219966,0.00869870085991,0.00869870871982,0.00869871583644,0.00869872226277,0.00869872804797,0.00869873323767,0.0086987378741,0.00869874199632,0.00869874564027,0.00869874883886,0.00869875162196,0.00869875401623,0.00869875604488,0.00869875772712,0.00869875907744,0.00869876010431,0.00869876080833,0.00869876117951,0.00869876119347,0.00869876080792,0.00869875998431,0.00869875857734
0,2.0697164969e-104,4.58368084273e-104,6.64934532295e-104,8.14917638444e-104,9.17510783885e-104,9.8580053993e-104,1.03114556796e-103,1.06200614364e-103,1.08432853146e-103,1.10223810035e-103,1.11858028336e-103,1.13515291312e-103,1.15256224261e-103,1.16970819069e-103,1.18322137116e-103,1.18817974322e-103,-0.000638877322823,-0.000979754530729,-0.0010662814655,-0.000983302411795,-0.0007576228818,-0.000387724956558,0.000144867365266,0.000850758454725,0.00170156209863,0.00262767715505,0.00355089731023,0.00441203857887,0.00517671659495,0.00582923445551,0.00636747197303,0.00679670807747,0.0071262283169,0.00736904546857,0.00754059074298,0.0076566872077,0.00773191544256,0.00777868093096,0.00780687980991,0.00782396299799,0.00783522263327,0.00784417554568,0.00785296368204,0.00786272437646,0.00787390600455,0.00788651989652,0.00790032947851,0.00791498368064,0.00793010458984,0.00794533998262,0.00796039056323,0.00797502015708,0.00798905528857,0.00800237883857,0.00801492100021,0.00802664959165,0.00803756093001,0.00804767187774,0.00805701328654,0.00806562482985,0.00807355108834,0.00808083869641,0.00808753434569,0.00809368345404,0.00809932933384,0.00810451272219,0.0081092715648,0.0081136409706,0.00811765327607,0.00812133817527,0.00812472288542,0.00812783232748,0.00813068930887,0.00813331470038,0.00813572760294,0.00813794550212,0.00813998440986,0.00814185899362,0.00814358269367,0.0081451678295,0.00814662569637,0.00814796665295,0.00814920020093,0.00815033505757,0.0081513792217,0.00815234003401,0.00815322423212,0.00815403800086,0.0081547870183,0.00815547649789,0.00815611122702,0.00815669560231,0.00815723366201,0.0081577291156,0.00815818537097,0.00815860555929,0.00815899255783,0.00815934901085,0.00815967734875,0.00815997980565,0.00816025843548,0.00816051512671,0.00816075161591,0.00816096950016,0.00816117024839,0.00816135521186,0.00816152563369,0.00816168265768,0.00816182733634,0.00816196063829,0.00816208345506,0.00816219660729,0.00816230085047,0.00816239688018,0.00816248533692,0.00816256681052,0.00816264184421,0.00816271093839,0.00816277455399,0.00816283311568,0.00816288701477,0.00816293661182,0.00816298223914,0.00816302420301,0.00816306278578,0.00816309824772,0.00816313082881,0.00816316075035,0.00816318821641,0.00816321341522,0.00816323652039,0.00816325769209,0.00816327707811,0.00816329481482,0.00816331102804,0.00816332583394,0.00816333933973,0.00816335164437,0.00816336283924,0.00816337300868,0.00816338223057,0.00816339057678,0.00816339811363,0.00816340490228,0.00816341099904,0.00816341645571,0.00816342131976,0.00816342563448,0.00816342943905,0.00816343276843,0.00816343565311,0.00816343811862,0.00816344018467,0.00816344186379,0.00816344315939,0.00816344406277,0.00816344454893,0.00816344457017,0.00816344406486,0.00816344274447
0,1.74178505786e-104,4.04035622612e-104,5.96451030442e-104,7.36027670716e-104,8.3085904495e-104,8.93522411779e-104,9.34887634153e-104,9.62935980349e-104,9.83202093746e-104,9.99488786513e-104,1.0144009358e-103,1.02955886036e-103,1.04543006923e-103,1.06079139704e-103,1.0721720465e-103,1.07453149677e-103,-0.000675152405033,-0.00114973960954,-0.0013970096299,-0.00148304635758,-0.00143221727161,-0.00124467088414,-0.000902832351184,-0.000381260360107,0.000332317169037,0.00118694688804,0.00209335975601,0.00297344749402,0.00377941853304,0.00448631424672,0.00508574194147,0.00557810215951,0.00596865813404,0.00626782168264,0.00648974560714,0.00664991373211,0.00676318469174,0.00684261426192,0.00689892681209,0.00694042942725,0.00697319539439,0.00700139100774,0.00702765798928,0.00705349260706,0.00707958496063,0.00710609964725,0.00713289244017,0.00715966670373,0.00718607841069,0.00721180062227,0.00723655814004,0.00726014167046,0.0072824089749,0.00730327857444,0.00732271989852,0.00734074241016,0.0073573852218,0.00737270799536,0.00738678344153,0.00739969143854,0.00741151462557,0.0074223352504,0.00743223302985,0.00744128379423,0.0074495587153,0.00745712395224,0.00746404058472,0.0074703647337,0.00747614779694,0.00748143674733,0.00748627445903,0.00749070003806,0.0074947491432,0.00749845428917,0.00750184512785,0.00750494870656,0.00750778970323,0.00751039064009,0.00751277207718,0.00751495278764,0.0075169499165,0.00751877912464,0.00752045471946,0.00752198977359,0.00752339623287,0.00752468501465,0.00752586609735,0.00752694860204,0.00752794086694,0.00752885051531,0.00752968451742,0.00753044924714,0.00753115053351,0.00753179370791,0.00753238364705,0.00753292481227,0.00753342128532,0.00753387680115,0.00753429477775,0.00753467834342,0.00753503036168,0.00753535345399,0.00753565002052,0.00753592225912,0.00753617218257,0.00753640163448,0.00753661230365,0.00753680573731,0.00753698335315,0.00753714645034,0.00753729621958,0.00753743375232,0.00753756004915,0.00753767602747,0.00753778252853,0.00753788032386,0.00753797012112,0.0075380525695,0.0075381282646,0.00753819775294,0.00753826153607,0.00753832007436,0.00753837379037,0.00753842307209,0.00753846827575,0.0075385097285,0.00753854773082,0.00753858255873,0.00753861446582,0.00753864368511,0.00753867043073,0.0075386948995,0.00753871727236,0.00753873771566,0.00753875638234,0.0075387734131,0.00753878893732,0.00753880307402,0.0075388159327,0.00753882761411,0.00753883821094,0.00753884780844,0.00753885648502,0.00753886431276,0.00753887135783,0.00753887768089,0.00753888333737,0.00753888837772,0.00753889284747,0.00753889678718,0.00753890023225,0.00753890321231,0.00753890575041,0.00753890786156,0.00753890955061,0.00753891080924,0.0075389116114,0.00753891190419,0.00753891159874,0.00753891037936
0,1.43703626666e-104,3.50065208367e-104,5.2588975015e-104,6.53189501038e-104,7.39025804244e-104,7.95295268655e-104,8.32205316059e-104,8.57135160925e-104,8.75129887798e-104,8.89621801888e-104,9.02947292923e-104,9.16539969275e-104,9.3074674609e-104,9.44283754039e-104,9.53698174821e-104,9.54037096171e-104,-0.000670200241081,-0.00122221967089,-0.00158436491237,-0.00180333101274,-0.00189887882836,-0.0018715342492,-0.00170524515378,-0.00137125194976,-0.000841042589516,-0.000117738670281,0.000736319390209,0.00161531366299,0.00244789013777,0.00319719887379,0.00384785447918,0.0043948528931,0.00483873469748,0.00518682829227,0.00545179602218,0.00564876902534,0.00579298907383,0.00589830672786,0.00597639792067,0.00603649701544,0.00608547322244,0.00612811321383,0.00616750378207,0.00620543644584,0.0062427820997,0.00627980688477,0.00631641867432,0.0063523460735,0.0063872589851,0.00642084274467,0.00645283796701,0.00648305680931,0.00651138426027,0.00653777089029,0.00656222156172,0.00658478302824,0.0066055321682,0.00662456575774,0.00664199213214,0.00665792474059,0.00667247741037,0.00668576105047,0.00669788150482,0.00670893828299,0.00671902393283,0.00672822386248,0.00673661646172,0.00674427341015,0.00675126009105,0.00675763605475,0.00676345549432,0.00676876771014,0.00677361754985,0.00677804581675,0.00678208964415,0.00678578283578,0.00678915617398,0.00679223769796,0.00679505295506,0.00679762522751,0.00679997573742,0.00680212383225,0.00680408715281,0.00680588178572,0.0068075224018,0.00680902238187,0.00681039393124,0.00681164818385,0.0068127952971,0.00681384453827,0.00681480436323,0.00681568248808,0.00681648595456,0.00681722118952,0.00681789405924,0.00681850991877,0.00681907365705,0.0068195897379,0.00682006223748,0.00682049487829,0.00682089106032,0.00682125388927,0.00682158620239,0.00682189059199,0.00682216942685,0.00682242487174,0.00682265890529,0.00682287333613,0.00682306981777,0.00682324986205,0.00682341485147,0.00682356605042,0.00682370461538,0.00682383160431,0.00682394798514,0.00682405464356,0.00682415239008,0.00682424196657,0.00682432405212,0.00682439926841,0.00682446818472,0.00682453132235,0.00682458915873,0.00682464213124,0.00682469064054,0.00682473505375,0.00682477570731,0.00682481290958,0.0068248469432,0.00682487806733,0.00682490651957,0.00682493251783,0.006824956262,0.00682497793543,0.00682499770633,0.00682501572909,0.00682503214537,0.00682504708522,0.006825060668,0.0068250730033,0.00682508419172,0.0068250943256,0.00682510348969,0.00682511176168,0.00682511921281,0.00682512590818,0.00682513190722,0.00682513726384,0.00682514202662,0.00682514623875,0.0068251499378,0.00682515315516,0.00682515591514,0.00682515823347,0.00682516011511,0.00682516155119,0.00682516251434,0.00682516294795,0.0068251627359,0.00682516163197
0,1.15354987783e-104,2.96378113521e-104,4.53111452842e-104,5.66219039075e-104,6.41837215854e-104,6.90982911693e-104,7.2300362001e-104,7.44543275723e-104,7.60077321047e-104,7.72620325534e-104,7.84213341746e-104,7.96095124095e-104,8.08512352125e-104,8.20187613954e-104,8.2781068161e-104,8.26709032312e-104,-0.000628708847716,-0.00120741452136,-0.00163925054189,-0.0019524174387,-0.00216150177454,-0.00226686368863,-0.00225352829833,-0.00209130702012,-0.00174381108253,-0.00119111894879,-0.000456662778662,0.000385548440299,0.00122898671168,0.00200872949487,0.0026987795668,0.00328841081644,0.00377333013797,0.00415792837833,0.00445370834013,0.00467582174524,0.00484020704181,0.00496170285662,0.00505299456933,0.0051241879555,0.00518281892299,0.00523413378218,0.00528150480236,0.00532688026233,0.00537120300591,0.00541476200779,0.00545746461083,0.00549903222734,0.00553913047287,0.00557744778101,0.00561373641185,0.00564782793336,0.00567963276922,0.00570913090441,0.00573635864609,0.00576139457987,0.00578434654767,0.00580534055262,0.00582451189299,0.00584199846361,0.00585793596999,0.0058724547209,0.00588567765618,0.00589771929641,0.00590868534949,0.00591867276226,0.0059277700552,0.00593605782184,0.00594360930986,0.00595049102809,0.00595676334416,0.00596248105206,0.00596769389878,0.00597244706588,0.00597678160576,0.00598073483488,0.00598434068712,0.00598763003136,0.00599063095673,0.00599336902947,0.00599586752432,0.00599814763355,0.00600022865592,0.00600212816794,0.00600386217904,0.00600544527261,0.00600689073403,0.00600821066707,0.00600941609982,0.00601051708103,0.00601152276774,0.00601244150509,0.00601328089889,0.00601404788178,0.00601474877329,0.00601538933463,0.00601597481852,0.0060165100145,0.00601699929027,0.00601744662917,0.00601785566446,0.00601822971037,0.00601857179052,0.0060188846636,0.00601917084696,0.00601943263792,0.00601967213326,0.00601989124695,0.00602009172627,0.00602027516654,0.00602044302447,0.00602059663042,0.00602073719944,0.00602086584145,0.00602098357043,0.00602109131284,0.00602118991528,0.00602128015147,0.00602136272861,0.00602143829318,0.00602150743625,0.00602157069829,0.00602162857354,0.00602168151407,0.00602172993342,0.00602177420991,0.00602181468972,0.00602185168966,0.00602188549969,0.00602191638525,0.00602194458935,0.00602197033452,0.00602199382456,0.00602201524612,0.00602203477023,0.00602205255355,0.00602206873965,0.00602208346012,0.00602209683555,0.00602210897649,0.00602211998425,0.00602212995171,0.00602213896393,0.00602214709883,0.00602215442767,0.00602216101552,0.00602216692162,0.00602217219965,0.00602217689784,0.00602218105895,0.00602218472002,0.00602218791183,0.00602219065791,0.00602219297309,0.00602219486125,0.00602219631224,0.00602219729755,0.0060221977596,0.00602219756246,0.00602219658841
0,8.90202207538e-105,2.42862042561e-104,3.77914897026e-104,4.74883609064e-104,5.3908994623e-104,5.80433275272e-104,6.07179613238e-104,6.25096317526e-104,6.38008672387e-104,6.48467912216e-104,6.58194143427e-104,6.68223539802e-104,6.78723589296e-104,6.88493407278e-104,6.94494289596e-104,6.92506338707e-104,-0.00055541920505,-0.00111339113002,-0.0015691198581,-0.00193410926895,-0.00221813840794,-0.00242164217825,-0.00253111968675,-0.0025161997056,-0.0023353523233,-0.0019539989123,-0.00137148557506,-0.000631759169481,0.000182245878783,0.00097362577451,0.00168540332241,0.00229805862448,0.0028037923777,0.00320523402813,0.00351357754588,0.00374453762427,0.00391498868724,0.00404073153332,0.0041352426888,0.00420917589304,0.00427038345317,0.00432424958842,0.00437416865642,0.00442204940382,0.00446877254858,0.00451456640942,0.00455929145991,0.00460264037268,0.00464426772319,0.00468386572428,0.0047212014268,0.00475612837828,0.00478858282338,0.00481857174966,0.00484615771519,0.00487144353653,0.00489455855186,0.00491564723625,0.00493486034739,0.00495234843287,0.00496825735857,0.0049827254604,0.00499588193258,0.00500784611221,0.00501872738072,0.00502862546485,0.00503763097573,0.00504582607151,0.00505328516596,0.0050600756334,0.00506625848053,0.00507188896947,0.00507701718571,0.00508168855026,0.00508594427856,0.0050898217906,0.00509335507706,0.0050965750265,0.00509950971824,0.00510218468503,0.00510462314937,0.00510684623631,0.00510887316572,0.0051107214262,0.00511240693258,0.00511394416879,0.00511534631755,0.00511662537816,0.00511779227347,0.00511885694723,0.00511982845248,0.005120715032,0.0051215241914,0.00512226276562,0.00512293697939,0.00512355250221,0.00512411449835,0.0051246276723,0.0051250963101,0.00512552431698,0.00512591525152,0.00512627235674,0.00512659858841,0.00512689664075,0.00512716896982,0.00512741781486,0.00512764521758,0.00512785303985,0.00512804297969,0.00512821658585,0.00512837527114,0.00512852032446,0.00512865292181,0.00512877413631,0.00512888494734,0.00512898624878,0.0051290788566,0.00512916351577,0.00512924090645,0.00512931164978,0.00512937631302,0.00512943541431,0.00512948942698,0.00512953878349,0.00512958387901,0.00512962507465,0.00512966270051,0.00512969705831,0.00512972842391,0.00512975704957,0.00512978316596,0.00512980698409,0.00512982869697,0.0051298484812,0.00512986649837,0.00512988289638,0.00512989781059,0.00512991136491,0.0051299236728,0.0051299348381,0.0051299449559,0.00512995411325,0.0051299623898,0.0051299698584,0.00512997658557,0.00512998263199,0.0051299880528,0.00512999289786,0.00512999721185,0.00513000103424,0.00513000439904,0.00513000733424,0.00513000986085,0.00513001199142,0.00513001372791,0.00513001505868,0.00513001595471,0.00513001636136,0.0051300161407,0.00513001531095
0,6.46994795604e-105,1.89381339465e-104,3.00032780234e-104,3.78898062842e-104,4.30549768507e-104,4.63478437432e-104,4.84622903604e-104,4.98727202304e-104,5.08887539424e-104,5.17148883127e-104,5.24886203515e-104,5.32925076987e-104,5.41373884201e-104,5.49179469481e-104,5.53708581693e-104,5.51346196444e-104,-0.000456349854045,-0.000949454168534,-0.00138248996955,-0.00175311729385,-0.00206708974956,-0.00232551745238,-0.00251754217708,-0.00261472680398,-0.00257343362224,-0.00234946102309,-0.00192440640081,-0.00132057243538,-0.000599602393049,0.000153356718358,0.000853240035713,0.00145661810161,0.00195201740269,0.00234208830944,0.00263870181004,0.00285837489957,0.00301866150637,0.00313576868306,0.00322327869603,0.00329171250745,0.00334864877592,0.00339914938155,0.00344630385835,0.00349177023836,0.00353624529162,0.00357983736822,0.00362234028363,0.00366342011462,0.00370273217382,0.00373998600858,0.00377497432256,0.00380757872711,0.00383776206839,0.0038655542127,0.00389103581174,0.00391432275997,0.0039355527583,0.00395487452924,0.00397243969321,0.00398839702303,0.00400288866555,0.00401604789496,0.00402799799649,0.00403885194106,0.00404871258093,0.00405767316319,0.00406581801461,0.00407322329816,0.00407995777627,0.00408608354216,0.00409165669819,0.00409672797231,0.00410134327117,0.00410554417255,0.00410936836241,0.00411285002223,0.00411602017286,0.00411890698023,0.00412153602811,0.00412393056201,0.0041261117081,0.00412809867018,0.00412990890725,0.00413155829404,0.00413306126626,0.00413443095219,0.00413567929209,0.00413681714654,0.00413785439476,0.004138800024,0.00413966221066,0.00414044839408,0.00414116534345,0.00414181921878,0.0041424156261,0.00414295966782,0.00414345598834,0.00414390881555,0.00414432199856,0.00414469904195,0.00414504313692,0.00414535718962,0.0041456438468,0.00414590551931,0.00414614440322,0.00414636249928,0.00414656163039,0.00414674345761,0.00414690949471,0.00414706112131,0.00414719959499,0.00414732606214,0.00414744156793,0.00414754706535,0.00414764342343,0.00414773143474,0.0041478118222,0.00414788524524,0.00414795230549,0.00414801355191,0.00414806948542,0.0041481205632,0.00414816720254,0.00414820978438,0.00414824865652,0.00414828413653,0.00414831651442,0.0041483460551,0.00414837300052,0.00414839757176,0.0041484199708,0.00414844038224,0.0041484589748,0.0041484759027,0.00414849130694,0.00414850531645,0.00414851804913,0.00414852961281,0.00414854010612,0.00414854961928,0.00414855823479,0.00414856602812,0.00414857306825,0.00414857941819,0.00414858513545,0.00414859027236,0.00414859487643,0.00414859899052,0.00414860265292,0.00414860589731,0.00414860875251,0.00414861124192,0.00414861338266,0.00414861518415,0.00414861664611,0.00414861775582,0.00414861848503,0.00414861878627,0.00414861854885,0.00414861787783
0,4.25414529666e-105,1.35783023967e-104,2.19125400075e-104,2.77920735717e-104,3.15950554034e-104,3.39934969858e-104,3.55216312362e-104,3.65366380704e-104,3.72677325689e-104,3.78648747411e-104,3.8428790679e-104,3.90200705068e-104,3.96453740522e-104,4.02212091579e-104,4.05389216007e-104,4.03120516221e-104,-0.00033851977681,-0.000727384204322,-0.0010913373405,-0.0014186559499,-0.00171197305393,-0.00197339961136,-0.00219603614867,-0.00235651358272,-0.00241397049784,-0.00232077083068,-0.00204684842768,-0.00159746696896,-0.00101677879493,-0.00037523716441,0.000247011867739,0.000788399137431,0.00122874137239,0.00157050083314,0.00182609019428,0.00201207243847,0.00214547388799,0.0022415552859,0.00231273997028,0.00236837094281,0.00241497269726,0.00245675503624,0.00249617878567,0.00253447899005,0.00257209743501,0.0026090121362,0.00264497102786,0.00267964582893,0.00271272437346,0.00274395858683,0.00277318262951,0.00280031259285,0.00282533610531,0.00284829758961,0.00286928281552,0.00288840482629,0.00290579222059,0.00292158006222,0.00293590327238,0.00294889214968,0.00296066958985,0.00297134958561,0.0029810366385,0.0029898257829,0.0029978029918,0.00300504579671,0.00301162400517,0.00301760043999,0.00302303165356,0.00302796859197,0.00303245719716,0.00303653894461,0.00304025131908,0.00304362823351,0.00304670039745,0.00304949564153,0.00305203920377,0.00305435398327,0.00305646076574,0.00305837842488,0.00306012410266,0.00306171337145,0.00306316037996,0.00306447798508,0.00306567787114,0.00306677065776,0.00306776599777,0.0030686726659,0.00306949863931,0.00307025117061,0.00307093685427,0.00307156168677,0.0030721311213,0.00307265011743,0.00307312318615,0.00307355443083,0.00307394758438,0.00307430604302,0.00307463289691,0.00307493095802,0.00307520278539,0.00307545070813,0.00307567684624,0.00307588312963,0.00307607131527,0.00307624300288,0.00307639964915,0.00307654258064,0.00307667300553,0.00307679202433,0.00307690063951,0.00307699976439,0.00307709023112,0.00307717279797,0.00307724815602,0.00307731693508,0.00307737970929,0.00307743700202,0.00307748929045,0.00307753700971,0.00307758055658,0.00307762029296,0.00307765654896,0.00307768962571,0.00307771979797,0.00307774731646,0.00307777240997,0.00307779528733,0.00307781613917,0.00307783513952,0.00307785244731,0.00307786820765,0.00307788255307,0.00307789560466,0.00307790747303,0.00307791825923,0.00307792805562,0.0030779369466,0.00307794500932,0.00307795231427,0.0030779589259,0.00307796490309,0.0030779702996,0.00307797516451,0.00307797954255,0.00307798347439,0.00307798699687,0.00307799014315,0.00307799294275,0.00307799542153,0.00307799760138,0.00307799949982,0.00307800112919,0.00307800249547,0.00307800359652,0.00307800441982,0.00307800494004,0.0030780051201,0.003078004911,0.00307800441315
0,2.28851198427e-105,8.18975750279e-105,1.34771261626e-104,1.71549206687e-104,1.94993737959e-104,2.09604674197e-104,2.18836757218e-104,2.24942543176e-104,2.29341765339e-104,2.32954651208e-104,2.36400016456e-104,2.4005312062e-104,2.43951350562e-104,2.47545726791e-104,2.49448472024e-104,2.47714688405e-104,-0.000208657364885,-0.000460646419871,-0.000711093598137,-0.00094543075245,-0.00116422636609,-0.00137006928862,-0.00156040666944,-0.00172025347054,-0.00181865575903,-0.0018143988653,-0.00167523791065,-0.00139518673708,-0.00100149669709,-0.000546122643913,-9.08971755618e-05,0.00031105456134,0.000635921869848,0.000883927038797,0.00106560737321,0.0011949244762,0.0012857416584,0.00135003784315,0.00139722042521,0.00143411700261,0.00146532416164,0.0014936889537,0.00152078916928,0.00154734687302,0.00157355310492,0.00159930527327,0.00162436946656,0.00164848329753,0.00167141458003,0.0016929891702,0.00171309874921,0.00173169673732,0.00174878819218,0.00176441759396,0.00177865689837,0.00179159512775,0.00180333001552,0.00181396174871,0.00182358859282,0.00183230406854,0.00184019532576,0.00184734238851,0.00185381799677,0.0018596878296,0.00186501095006,0.00186984035944,0.00187422358611,0.00187820326275,0.0018818176657,0.00188510120403,0.00188808485461,0.00189079654473,0.00189326148639,0.001895502468,0.00189754010889,0.00189939308207,0.00190107831001,0.00190261113753,0.00190400548507,0.00190527398533,0.0019064281055,0.001907478257,0.00190843389422,0.00190930360368,0.00191009518457,0.00191081572164,0.00191147165125,0.00191206882123,0.00191261254509,0.00191310765131,0.00191355852795,0.00191396916319,0.00191434318208,0.00191468387987,0.00191499425235,0.00191527702325,0.0019155346692,0.00191576944234,0.00191598339089,0.00191617837776,0.00191635609747,0.00191651809155,0.00191666576243,0.00191680038616,0.00191692312389,0.00191703503231,0.00191713707314,0.00191723012178,0.00191731497507,0.00191739235847,0.0019174629325,0.0019175272986,0.00191758600449,0.001917639549,0.00191768838649,0.00191773293086,0.00191777355917,0.00191781061499,0.00191784441138,0.00191787523366,0.00191790334185,0.00191792897298,0.00191795234315,0.00191797364936,0.00191799307127,0.00191801077271,0.00191802690309,0.00191804159874,0.00191805498398,0.0019180671723,0.00191807826721,0.00191808836321,0.00191809754655,0.00191810589597,0.00191811348336,0.00191812037436,0.00191812662891,0.00191813230177,0.00191813744294,0.0019181420981,0.00191814630896,0.00191815011361,0.00191815354679,0.00191815664021,0.0019181594227,0.00191816192047,0.00191816415721,0.00191816615417,0.00191816793023,0.0019181695018,0.00191817088264,0.00191817208352,0.0019181731117,0.00191817396998,0.00191817465554,0.00191817515822,0.00191817545888,0.00191817553277,0.00191817540959,0.00191817509934
0,6.30985916826e-106,2.75330097897e-105,4.64538389995e-105,5.93159175387e-105,6.73483659926e-105,7.22757542572e-105,7.53563600139e-105,7.73834189552e-105,7.88454808783e-105,8.00558488711e-105,8.1226234931e-105,8.24875266527e-105,8.38534829686e-105,8.51233202175e-105,8.57741194639e-105,8.50252283673e-105,-7.14928807519e-05,-0.000161688586938,-0.000257757656389,-0.000351024014192,-0.000441279424586,-0.00053009517683,-0.000617747137491,-0.000699481813694,-0.000762549762811,-0.000787013981257,-0.000754386602285,-0.000657361344389,-0.000505406098565,-0.000321332087067,-0.000132885893728,3.54592363552e-05,0.000170904670098,0.000272455492459,0.000345011777651,0.000395246553257,0.000429594377708,0.000453396876317,0.000470675983805,0.000484228938735,0.000495856867776,0.000506619285648,0.000517062144859,0.000527400567205,0.000537654763006,0.000547745086152,0.000557554401121,0.000566965810852,0.000575882766551,0.000584237295052,0.000591990796891,0.000599130698691,0.000605665239835,0.000611617860959,0.00061702204346,0.000621917009697,0.000626344405013,0.000630345911858,0.000633961660102,0.000637229267687,0.000640183349312,0.000642855351928,0.000645273603408,0.00064746348859,0.000649447691469,0.000651246462293,0.000652877883606,0.000654358120292,0.00065570164624,0.000656921445123,0.000658029185717,0.000659035373776,0.000659949483168,0.000660780069151,0.000661534866496,0.000662220874878,0.000662844433599,0.000663411287349,0.000663926644415,0.000664395228474,0.000664821324871,0.000665208822132,0.000665561249318,0.000665881809699,0.000666173411181,0.000666438693819,0.000666680054721,0.000666899670617,0.000667099518296,0.000667281393136,0.000667446925907,0.000667597597994,0.000667734755213,0.000667859620326,0.000667973304403,0.000668076817115,0.000668171076075,0.000668256915312,0.000668335092952,0.000668406298193,0.000668471157628,0.000668530240985,0.000668584066335,0.00066863310482,0.000668677784941,0.000668718496456,0.000668755593913,0.000668789399864,0.000668820207773,0.000668848284671,0.000668873873557,0.00066889719558,0.000668918452024,0.000668937826113,0.000668955484641,0.000668971579466,0.000668986248861,0.000668999618738,0.000669011803767,0.000669022908391,0.00066903302775,0.000669042248513,0.000669050649648,0.000669058303107,0.000669065274465,0.000669071623483,0.000669077404638,0.00066908266759,0.000669087457618,0.000669091816008,0.000669095780412,0.000669099385171,0.000669102661611,0.00066910563831,0.000669108341345,0.000669110794511,0.000669113019521,0.000669115036197,0.000669116862626,0.000669118515319,0.000669120009343,0.000669121358441,0.000669122575147,0.000669123670874,0.000669124656,0.000669125539934,0.000669126331162,0.000669127037282,0.000669127665,0.000669128220099,0.000669128707366,0.000669129130439,0.000669129491581,0.000669129791325,0.000669130027957,0.000669130196835,0.000669130289635,0.00066913029623,0.000669130278304,0.000669130170076
0,0,0,0,0,0,0,0,0,0,0,0,0,0,0,0,0,0,0,0,0,0,0,0,0,0,0,0,0,0,0,0,0,0,0,0,0,0,0,0,0,0,0,0,0,0,0,0,0,0,0,0,0,0,0,0,0,0,0,0,0,0,0,0,0,0,0,0,0,0,0,0,0,0,0,0,0,0,0,0,0,0,0,0,0,0,0,0,0,0,0,0,0,0,0,0,0,0,0,0,0,0,0,0,0,0,0,0,0,0,0,0,0,0,0,0,0,0,0,0,0,0,0,0,0,0,0,0,0,0,0,0,0,0,0,0,0,0,0,0,0,0,0,0,0,0,0,0,0,0,0,0,0,0,0,0,0,0,0,0,0
