0,0,0,0,0,0,0,0,0,0,0,0,0,0,0,0,0,0,0,0,0,0,0,0,0,0,0,0,0,0,0,0,0,0,0,0,0,0,0,0,0,0,0,0,0,0,0,0,0,0,0,0,0,0,0,0,0,0,0,0,0,0,0,0,0,0,0,0,0,0,0,0,0,0,0,0,0,0,0,0,0,0,0,0,0,0,0,0,0,0,0,0,0,0,0,0,0,0,0,0,0,0,0,0,0,0,0,0,0,0,0,0,0,0,0,0,0,0,0,0,0,0,0,0,0,0,0,0,0,0,0,0,0,0,0,0,0,0,0,0,0,0,0,0,0,0,0,0,0,0,0,0,0,0,0,0,0,0,0,0,0,0
0,-9.00689538299e-06,-1.94181308995e-06,-6.01945087207e-07,-2.94520242265e-07,-1.80009587106e-07,-1.0986751213e-07,-4.64709471593e-08,3.38049101916e-08,1.63024663877e-07,3.98501211487e-07,8.50362161282e-07,1.73330131059e-06,3.46207558838e-06,6.8063327569e-06,1.3014350865e-05,2.32271374657e-05,3.5113015257e-05,3.86372234924e-05,3.77757059686e-05,3.59962794723e-05,3.44739789443e-05,3.32907520788e-05,3.21290887923e-05,3.05581848619e-05,2.82092358634e-05,2.49229288267e-05,2.08258516235e-05,1.62743696121e-05,1.17002638993e-05,7.45558407539e-06,3.73387117521e-06,5.8597719103e-07,-2.00937780091e-06,-4.08090233731e-06,-5.63727352038e-06,-6.67681392861e-06,-7.2138773899e-06,-7.29824555276e-06,-7.01586061491e-06,-6.47406477662e-06,-5.78165111561e-06,-5.03262378649e-06,-4.29753593338e-06,-3.6219889597e-06,-3.02986132936e-06,-2.52865674693e-06,-2.11506231152e-06,-1.7796652088e-06,-1.51044869097e-06,-1.29509630835e-06,-1.12232334153e-06,-9.8250377411e-07,-8.67837082715e-07,-7.72246583538e-07,-6.91145168053e-07,-6.21156402043e-07,-5.59842609726e-07,-5.05466241158e-07,-4.56794502708e-07,-4.12947592716e-07,-3.73285853947e-07,-3.37329091084e-07,-3.04701005111e-07,-2.75092342276e-07,-2.48237410117e-07,-2.23899756455e-07,-2.01863865013e-07,-1.81930614428e-07,-1.63914954763e-07,-1.47644787747e-07,-1.3296041968e-07,-1.1971421936e-07,-1.07770286617e-07,-9.70040451322e-08,-8.73017362109e-08,-7.85598234672e-08,-7.06843329754e-08,-6.35901570987e-08,-5.72003480214e-08,-5.14454222231e-08,-4.6262691635e-08,-4.15956320718e-08,-3.73932951739e-08,-3.36097667101e-08,-3.02036715897e-08,-2.71377242436e-08,-2.43783219441e-08,-2.18951780263e-08,-1.96609917187e-08,-1.7651151243e-08,-1.58434669625e-08,-1.42179315538e-08,-1.27565044247e-08,-1.14429178542e-08,-1.02625025805e-08,-9.20203081533e-09,-8.24957487014e-09,-7.39437978419e-09,-6.62674852604e-09,-5.93793848417e-09,-5.32006811784e-09,-4.7660327435e-09,-4.26942855614e-09,-3.82448406392e-09,-3.4259982102e-09,-3.06928452825e-09,-2.75012073307e-09,-2.46470322599e-09,-2.20960602891e-09,-1.98174371854e-09,-1.77833797376e-09,-1.59688738131e-09,-1.43514018743e-09,-1.2910697066e-09,-1.16285213003e-09,-1.0488465026e-09,-9.47576655496e-10,-8.57714906682e-10,-7.78067354824e-10,-7.07560615092e-10,-6.45229854942e-10,-5.90208002343e-10,-5.41716015738e-10,-4.99054108437e-10,-4.61593838167e-10,-4.28770975001e-10,-4.00079073359e-10,-3.7506367796e-10,-3.5331710441e-10,-3.34473736474e-10,-3.18205791546e-10,-3.04219506246e-10,-2.92251707901e-10,-2.82066728493e-10,-2.73453634492e-10,-2.66223744231e-10,-2.60208406142e-10,-2.55257023151e-10,-2.51235305618e-10,-2.48023746194e-10,-2.45516314559e-10,-2.43619383456e-10,-2.42250902477e-10,-2.41339863776e-10,-2.4082612423e-10,-2.40660682059e-10,-2.40806566767e-10,-2.41240565676e-10,-2.41956137593e-10,-2.42968012631e-10,-2.44319247947e-10,-2.46091922771e-10,-2.48423403873e-10,-2.5153172613e-10,-2.55757950742e-10,-2.6164977526e-10,-2.70215677511e-10,-2.84772660475e-10,-3.42561568756e-10,-1.47416891796e-10,0
0,-1.10116467715e-05,-3.71219157932e-06,-1.59769069506e-06,-8.8802062496e-07,-5.60631182074e-07,-3.47192663704e-07,-1.510956649e-07,9.89173614175e-08,5.02162132728e-07,1.23701399034e-06,2.64671942938e-06,5.40043958505e-06,1.07882380095e-05,2.11866281886e-05,4.03822209759e-05,7.17435044774e-05,0.000108885456624,0.000125396755735,0.00012835523258,0.000126601624836,0.000124193290415,0.000122068394098,0.000119628113109,0.000115613924164,0.00010873880616,9.82622151548e-05,8.43712356252e-05,6.81462700672e-05,5.11395439459e-05,3.48121153996e-05,2.01411593827e-05,7.56277777809e-06,-2.84142708611e-06,-1.11214665606e-05,-1.73339486292e-05,-2.15379467433e-05,-2.38534133355e-05,-2.45069305724e-05,-2.38269753635e-05,-2.21968783321e-05,-1.99948328393e-05,-1.75459197747e-05,-1.50967258596e-05,-1.28111785528e-05,-1.07806136659e-05,-9.04051567443e-06,-7.5882456876e-06,-6.39846612661e-06,-5.43492823756e-06,-4.65854576176e-06,-4.03231849378e-06,-3.52388554451e-06,-3.10646291839e-06,-2.75878619238e-06,-2.46451738253e-06,-2.2114268598e-06,-1.99054270323e-06,-1.79537358488e-06,-1.62125315388e-06,-1.46481775574e-06,-1.32360903864e-06,-1.19578336215e-06,-1.07990694215e-06,-9.74816475772e-07,-8.79527669876e-07,-7.93177435995e-07,-7.14988814474e-07,-6.44250597441e-07,-5.80305996934e-07,-5.22546542504e-07,-4.70408748761e-07,-4.23372051845e-07,-3.80957162666e-07,-3.42724404063e-07,-3.08271855184e-07,-2.77233271768e-07,-2.49275824298e-07,-2.2409772512e-07,-2.01425819448e-07,-1.8101320614e-07,-1.62636939809e-07,-1.46095850789e-07,-1.31208505833e-07,-1.17811321323e-07,-1.05756832225e-07,-9.49121140176e-08,-8.51573507668e-08,-7.63845401213e-08,-6.8496324775e-08,-6.14049395591e-08,-5.50312634764e-08,-4.93039665375e-08,-4.41587419408e-08,-3.95376149568e-08,-3.53883206606e-08,-3.16637434727e-08,-2.83214121813e-08,-2.53230447889e-08,-2.26341381493e-08,-2.02235978704e-08,-1.80634044706e-08,-1.61283121696e-08,-1.4395577098e-08,-1.28447120171e-08,-1.14572649533e-08,-1.02166194147e-08,-9.10781406965e-09,-8.11738000814e-09,-7.23319386443e-09,-6.4443452647e-09,-5.74101721143e-09,-5.11437814172e-09,-4.55648453547e-09,-4.06019304199e-09,-3.61908120315e-09,-3.22737594291e-09,-2.87988906065e-09,-2.57195905677e-09,-2.29939866424e-09,-2.05844754166e-09,-1.84572962047e-09,-1.65821464723e-09,-1.49318352753e-09,-1.34819708114e-09,-1.22106789383e-09,-1.10983494951e-09,-1.01274078128e-09,-9.28210887333e-10,-8.54835198054e-10,-7.91351387166e-10,-7.3662985629e-10,-6.89660218635e-10,-6.49539152476e-10,-6.15459483376e-10,-5.86700385818e-10,-5.62618609284e-10,-5.42640631993e-10,-5.26255690087e-10,-5.13009615366e-10,-5.02499458252e-10,-4.94368892723e-10,-4.88304427976e-10,-4.84032497083e-10,-4.81317569532e-10,-4.79961503695e-10,-4.79804493875e-10,-4.80728149601e-10,-4.82661493413e-10,-4.85591089901e-10,-4.8957704483e-10,-4.9477756727e-10,-5.01486223836e-10,-5.10188721996e-10,-5.21651942071e-10,-5.370745294e-10,-5.58394658282e-10,-5.89263553901e-10,-6.41149860258e-10,-7.97049221019e-10,-3.34022283342e-10,0
0,-1.01038417608e-05,-4.27034632937e-06,-2.1813064938e-06,-1.3441101068e-06,-8.94055293259e-07,-5.64786189815e-07,-2.36345322879e-07,2.03493486432e-07,9.28723633036e-07,2.26098997422e-06,4.82376715226e-06,9.83506364584e-06,1.96438553266e-05,3.85702899653e-05,7.34680126368e-05,0.000130465359432,0.000199024341205,0.000235563598338,0.000248826956322,0.000252176756076,0.000252665896241,0.000252487016482,0.000250984938617,0.000245991985266,0.000234965797063,0.000216153303182,0.00018950886628,0.000156882250519,0.000121372407465,8.6225476601e-05,5.39126317452e-05,2.58165410918e-05,2.448218445e-06,-1.61497961272e-05,-3.01090294767e-05,-3.96523808176e-05,-4.51431643587e-05,-4.71331425647e-05,-4.63379211323e-05,-4.3548890034e-05,-3.9528188525e-05,-3.49265632143e-05,-3.02407195725e-05,-2.58074383321e-05,-2.18225910504e-05,-1.83721543032e-05,-1.54653275525e-05,-1.30638244457e-05,-1.11047514461e-05,-9.51672361671e-06,-8.23007779091e-06,-7.18251366769e-06,-6.321516917e-06,-5.60472111152e-06,-4.99909363822e-06,-4.47956602956e-06,-4.02750819983e-06,-3.62927909698e-06,-3.27496975627e-06,-2.95737945097e-06,-2.67122118168e-06,-2.41252974575e-06,-2.1782365385e-06,-1.96587445798e-06,-1.77337992216e-06,-1.59896452805e-06,-1.44103475781e-06,-1.29814353617e-06,-1.16896199439e-06,-1.05226340224e-06,-9.46913950087e-07,-8.51867028235e-07,-7.66159011894e-07,-6.88905463098e-07,-6.19297231214e-07,-5.56596272447e-07,-5.00131193086e-07,-4.49292607695e-07,-4.03528431346e-07,-3.62339220738e-07,-3.25273659538e-07,-2.91924258735e-07,-2.61923318759e-07,-2.34939179471e-07,-2.10672767677e-07,-1.88854439787e-07,-1.69241108836e-07,-1.51613639842e-07,-1.35774494531e-07,-1.21545605289e-07,-1.08766458077e-07,-9.72923648648e-08,-8.69929072134e-08,-7.77505341108e-08,-6.94592985918e-08,-6.20237191699e-08,-5.53577534977e-08,-4.93838729476e-08,-4.40322279971e-08,-3.92398953469e-08,-3.49501986563e-08,-3.11120956121e-08,-2.7679624804e-08,-2.46114065362e-08,-2.18701923061e-08,-1.94224582044e-08,-1.72380379586e-08,-1.5289791775e-08,-1.35533074908e-08,-1.20066309162e-08,-1.06300225233e-08,-9.40573793561e-09,-8.3178298983e-09,-7.35196966118e-09,-6.49528586606e-09,-5.736219262e-09,-5.06439169369e-09,-4.47048798491e-09,-3.94614944668e-09,-3.48387789888e-09,-3.07694916647e-09,-2.71933511841e-09,-2.40563344141e-09,-2.13100436165e-09,-1.89111365653e-09,-1.68208133333e-09,-1.50043541508e-09,-1.34307034404e-09,-1.20720954251e-09,-1.0903717228e-09,-9.9034059432e-10,-9.05137614788e-10,-8.32997515498e-10,-7.72346321528e-10,-7.21781640634e-10,-6.80055021857e-10,-6.46056198937e-10,-6.18799095266e-10,-5.97409471942e-10,-5.81114152771e-10,-5.69231829766e-10,-5.61165490484e-10,-5.56396611445e-10,-5.54481407864e-10,-5.55049565858e-10,-5.5780618112e-10,-5.62537961404e-10,-5.69125285309e-10,-5.77562530076e-10,-5.87990166877e-10,-6.00744021048e-10,-6.16429999328e-10,-6.36038103912e-10,-6.61121696267e-10,-6.94102855761e-10,-7.38904737543e-10,-8.0292326031e-10,-9.07565030041e-10,-1.16196620775e-09,-4.84463022429e-10,0
0,-8.15505010731e-06,-3.9026088345e-06,-2.18216287224e-06,-1.43768217859e-06,-9.94409650502e-07,-6.27001824999e-07,-2.15066627803e-07,3.81615511623e-07,1.40369935426e-06,3.31002359418e-06,6.99816551456e-06,1.42279012465e-05,2.84026979811e-05,5.58087291285e-05,0.000106509984148,0.000189865428193,0.000291926108198,0.000351854526973,0.000380223742331,0.00039389162464,0.000402225421815,0.000408468228561,0.000411893090202,0.00040935529493,0.000396820718627,0.00037113027032,0.000331587281119,0.000280571400625,0.000222832743748,0.00016387471583,0.000108358576895,5.93026346083e-05,1.81509555879e-05,-1.47066895173e-05,-3.9435803129e-05,-5.65155405233e-05,-6.67010671677e-05,-7.10221805376e-05,-7.07140959864e-05,-6.70820772732e-05,-6.13540428128e-05,-5.45694272467e-05,-4.75238165102e-05,-4.0764469994e-05,-3.46202604883e-05,-2.92483328455e-05,-2.46837909168e-05,-2.08840346791e-05,-1.77639277515e-05,-1.52211053215e-05,-1.31524991387e-05,-1.1463905377e-05,-1.00745290267e-05,-8.91820800304e-06,-7.94265740593e-06,-7.10770089924e-06,-6.38313235367e-06,-5.74659819402e-06,-5.18170906117e-06,-4.67646801576e-06,-4.22202790169e-06,-3.81174944853e-06,-3.44051312428e-06,-3.10423312786e-06,-2.79952512455e-06,-2.52348627708e-06,-2.27355424609e-06,-2.04741965978e-06,-1.84297335993e-06,-1.65827525914e-06,-1.49153590403e-06,-1.34110497819e-06,-1.20546319854e-06,-1.08321556506e-06,-9.73084901458e-07,-8.73905225843e-07,-7.84614835707e-07,-7.04249169712e-07,-6.31933583311e-07,-5.66876190148e-07,-5.08360904904e-07,-4.5574079373e-07,-4.08431806069e-07,-3.65906932011e-07,-3.27690804781e-07,-2.93354749201e-07,-2.62512263529e-07,-2.348149132e-07,-2.09948609793e-07,-1.87630245956e-07,-1.67604656366e-07,-1.49641875501e-07,-1.335346644e-07,-1.19096280501e-07,-1.06158466724e-07,-9.45696381175e-08,-8.41932464415e-08,-7.49063049883e-08,-6.65980577359e-08,-5.9168778553e-08,-5.25286876254e-08,-4.65969735865e-08,-4.13009109905e-08,-3.65750638269e-08,-3.23605666911e-08,-2.86044760579e-08,-2.52591848632e-08,-2.22818942444e-08,-1.96341368981e-08,-1.72813470637e-08,-1.51924726024e-08,-1.33396251018e-08,-1.16977643034e-08,-1.02444135416e-08,-8.95940316063e-09,-7.82463920353e-09,-6.82389491188e-09,-5.94262281331e-09,-5.16778538217e-09,-4.48770247622e-09,-3.89191390427e-09,-3.3710556279e-09,-2.9167482952e-09,-2.52149687055e-09,-2.17860028256e-09,-1.88207010792e-09,-1.62655739888e-09,-1.40728685795e-09,-1.21999763652e-09,-1.06089009991e-09,-9.26577992446e-10,-8.14045449491e-10,-7.20608412906e-10,-6.43880010382e-10,-5.81739539614e-10,-5.3230472979e-10,-4.93907002235e-10,-4.65069513112e-10,-4.44487803512e-10,-4.31012951157e-10,-4.23637217077e-10,-4.21482263235e-10,-4.23790173292e-10,-4.2991772128e-10,-4.39334584589e-10,-4.5162663942e-10,-4.6650602415e-10,-4.83830504721e-10,-5.03635969645e-10,-5.26187627999e-10,-5.52058491503e-10,-5.8224836331e-10,-6.1836538729e-10,-6.62911735754e-10,-7.19771097871e-10,-7.95214640673e-10,-9.00887084051e-10,-1.067178589e-09,-1.40725378008e-09,-6.00965717484e-10,0
0,-5.88563891282e-06,-3.01987213612e-06,-1.76190708205e-06,-1.19827030558e-06,-8.35143119825e-07,-4.9145010226e-07,-5.0826100885e-08,6.47482765927e-07,1.898233258e-06,4.2752517085e-06,8.90924582061e-06,1.80260993594e-05,3.59531287124e-05,7.07657883528e-05,0.000135694245852,0.000243967457705,0.000379568169046,0.000463371758082,0.000509117028117,0.000536662902186,0.000557043526324,0.000574172356538,0.00058706199441,0.00059144069496,0.00058154628296,0.000552437548592,0.000502295501607,0.000433603689233,0.000352568840202,0.000267118622136,0.000184611677207,0.000110371326773,4.73791235653e-05,-3.23933583443e-06,-4.15360673426e-05,-6.827543098e-05,-8.47203224717e-05,-9.25117170872e-05,-9.35183594677e-05,-8.9643765636e-05,-8.2640033322e-05,-7.39755732685e-05,-6.47741302554e-05,-5.58163985047e-05,-4.75833124416e-05,-4.03192911392e-05,-3.40987174704e-05,-2.88853501764e-05,-2.4579880173e-05,-2.10546779947e-05,-1.81769988245e-05,-1.58229020504e-05,-1.38843362234e-05,-1.22715954097e-05,-1.09129207127e-05,-9.75255597539e-06,-8.74815121669e-06,-7.86807448275e-06,-7.08894712949e-06,-6.39354906493e-06,-5.76913352305e-06,-5.20612934426e-06,-4.697178344e-06,-4.23644493631e-06,-3.81913647613e-06,-3.44118009759e-06,-3.09901148056e-06,-2.78944079279e-06,-2.509569876e-06,-2.25674208348e-06,-2.02851194792e-06,-1.82262619163e-06,-1.6370107126e-06,-1.46976034066e-06,-1.31912959221e-06,-1.18352356018e-06,-1.06148861792e-06,-9.51702913298e-07,-8.52966771781e-07,-7.64193176125e-07,-6.84398487303e-07,-6.12693543683e-07,-5.48275238751e-07,-4.90418641353e-07,-4.38469690827e-07,-3.91838474318e-07,-3.49993074945e-07,-3.12453966708e-07,-2.78788924067e-07,-2.48608409745e-07,-2.21561402686e-07,-1.9733162834e-07,-1.75634154837e-07,-1.56212320781e-07,-1.38834962936e-07,-1.23293914665e-07,-1.09401748703e-07,-9.69897402596e-08,-8.59060288505e-08,-7.60139593616e-08,-6.71905848131e-08,-5.93253150435e-08,-5.23186970841e-08,-4.6081314444e-08,-4.05327937483e-08,-3.56009083426e-08,-3.12207694632e-08,-2.73340965101e-08,-2.38885587456e-08,-2.08371815356e-08,-1.81378108519e-08,-1.57526304153e-08,-1.3647726353e-08,-1.17926947723e-08,-1.01602880627e-08,-8.72609617936e-09,-7.46825947238e-09,-6.36721001424e-09,-5.40543860846e-09,-4.56728499752e-09,-3.83874898842e-09,-3.20732042032e-09,-2.66182617205e-09,-2.19229248664e-09,-1.78982113368e-09,-1.44647803278e-09,-1.15519311859e-09,-9.0967032796e-10,-7.04306712034e-10,-5.34119777653e-10,-3.94682249075e-10,-2.82063502933e-10,-1.92777059709e-10,-1.23733519022e-10,-7.21984451795e-11,-3.5754755811e-11,-1.22692203478e-11,1.37218041175e-13,3.11555142273e-12,-1.88862818068e-12,-1.36158841354e-11,-3.09772325912e-11,-5.30423128953e-11,-7.90320412286e-11,-1.08316745056e-10,-1.40421354353e-10,-1.75040018919e-10,-2.12063709764e-10,-2.51626125616e-10,-2.94175741192e-10,-3.40585971653e-10,-3.92321944249e-10,-4.5169468395e-10,-5.22260603215e-10,-6.0950065769e-10,-7.22196617745e-10,-8.76223925503e-10,-1.10855986935e-09,-1.52180338846e-09,-6.84633906226e-10,0
0,-3.53876672989e-06,-1.87991862155e-06,-1.10641961045e-06,-7.46363422297e-07,-4.88464193125e-07,-1.9992174467e-07,2.29165826728e-07,9.7349408128e-07,2.36635059074e-06,5.06428280536e-06,1.03673296421e-05,2.08453076282e-05,4.15304917514e-05,8.19676745047e-05,0.00015838415761,0.000288755898914,0.000457007235866,0.000563287411124,0.000626604347766,0.000669657783939,0.00070471800792,0.000736098070077,0.000762401355899,0.000778098735332,0.0007754904488,0.000747508073374,0.000690740646567,0.000607266526371,0.000504350131156,0.000392213980084,0.000281130884593,0.00017921841208,9.15646701564e-05,2.04875884815e-05,-3.36991427692e-05,-7.19785444328e-05,-9.61671158253e-05,-0.000108603067493,-0.000111870308611,-0.000108530737654,-0.000100898978483,-9.08953516454e-05,-7.99862078661e-05,-6.91966301915e-05,-5.91697725044e-05,-5.02476331289e-05,-4.25542512282e-05,-3.60697059136e-05,-3.06895457267e-05,-2.6268618822e-05,-2.26508085674e-05,-1.96873345752e-05,-1.72465292246e-05,-1.52177391098e-05,-1.35115115288e-05,-1.20576862218e-05,-1.08025200082e-05,-9.70556975644e-06,-8.73675648834e-06,-7.87382147729e-06,-7.10024724796e-06,-6.40363417303e-06,-5.77448034323e-06,-5.20529509069e-06,-4.68997482546e-06,-4.22337654878e-06,-3.80103481063e-06,-3.41897908798e-06,-3.07361897061e-06,-2.76167340651e-06,-2.48012736201e-06,-2.22620467478e-06,-1.99734984919e-06,-1.79121433817e-06,-1.60564474736e-06,-1.43867162118e-06,-1.28849822354e-06,-1.15348915783e-06,-1.0321588939e-06,-9.23160363578e-07,-8.2527380539e-07,-7.37396019607e-07,-6.58530157909e-07,-5.87776132133e-07,-5.2432168956e-07,-4.67434171756e-07,-4.16452950571e-07,-3.70782518235e-07,-3.29886197582e-07,-2.93280431977e-07,-2.60529611532e-07,-2.31241391639e-07,-2.05062460904e-07,-1.81674717658e-07,-1.60791816928e-07,-1.42156052638e-07,-1.25535542872e-07,-1.10721688875e-07,-9.75268812835e-08,-8.57824295594e-08,-7.53366930044e-08,-6.60533938019e-08,-5.78100944578e-08,-5.04968237528e-08,-4.40148368369e-08,-3.82754965292e-08,-3.31992640945e-08,-2.87147889536e-08,-2.47580877194e-08,-2.12718039714e-08,-1.82045409108e-08,-1.5510259864e-08,-1.31477382145e-08,-1.10800810158e-08,-9.27428103506e-09,-7.70082252777e-09,-6.3333244573e-09,-5.14821931386e-09,-4.12446402947e-09,-3.2432798628e-09,-2.4879183892e-09,-1.8434510242e-09,-1.29657977776e-09,-8.35467123885e-10,-4.49583105048e-10,-1.29567955074e-10,1.32891276194e-10,3.45171522276e-10,5.13813137653e-10,6.44609126301e-10,7.42685153501e-10,8.12571273421e-10,8.58266157228e-10,8.83294567251e-10,8.9075871261e-10,8.83384019633e-10,8.63559825574e-10,8.33375333802e-10,7.94651154812e-10,7.48966563276e-10,6.97682507256e-10,6.41960191777e-10,5.82774785992e-10,5.20923494885e-10,4.57026646861e-10,3.91519806225e-10,3.24633822355e-10,2.56358216018e-10,1.86381076009e-10,1.13995308713e-10,3.7955870783e-11,-4.37358070845e-11,-1.3415964815e-10,-2.37990393182e-10,-3.62362784178e-10,-5.18572519772e-10,-7.26349733365e-10,-1.02664342572e-09,-1.50532834105e-09,-7.36003036159e-10,0
0,-1.18333684406e-06,-6.2236541535e-07,-3.41192755374e-07,-1.89916743484e-07,-4.40891671538e-08,1.7425219446e-07,5.63433264555e-07,1.30300972663e-06,2.74556878796e-06,5.59087363135e-06,1.12294211175e-05,2.2421446156e-05,4.46206651169e-05,8.839768182e-05,0.000172658834231,0.000321219047382,0.000520905160627,0.000646997745113,0.000726647644512,0.000785291637453,0.000836117009036,0.000883701401189,0.000926214810665,0.000956847344296,0.000965842743648,0.000943735902981,0.000885108653134,0.000791130752596,0.000669639181487,0.00053282082777,0.000393800876501,0.000263716451577,0.000150167438605,5.70812515358e-05,-1.45595715513e-05,-6.58020065989e-05,-9.89753217808e-05,-0.000117133013849,-0.000123608039644,-0.000121648663492,-0.00011414840593,-0.000103486535563,-9.14742107018e-05,-7.93820933429e-05,-6.80179958665e-05,-5.78259941026e-05,-4.89861728089e-05,-4.15025542922e-05,-3.52736231775e-05,-3.01445625089e-05,-2.5943041389e-05,-2.25016300711e-05,-1.96701782658e-05,-1.7321198492e-05,-1.53507503073e-05,-1.36767155899e-05,-1.22357975192e-05,-1.09801156391e-05,-9.87391870517e-06,-8.89068779742e-06,-8.01073702268e-06,-7.21931826967e-06,-6.50518154954e-06,-5.85951823618e-06,-5.27520933985e-06,-4.74630643968e-06,-4.26768343602e-06,-3.83480933428e-06,-3.44360381704e-06,-3.09034739904e-06,-2.77162613585e-06,-2.4842971887e-06,-2.2254662472e-06,-1.99247116625e-06,-1.78286847584e-06,-1.5944209405e-06,-1.42508529852e-06,-1.27299987497e-06,-1.13647206884e-06,-1.01396585692e-06,-9.04089502645e-07,-8.05583650184e-07,-7.17309950877e-07,-6.38240327591e-07,-5.6744694217e-07,-5.04092896187e-07,-4.47423667703e-07,-3.96759266294e-07,-3.51487074751e-07,-3.11055337092e-07,-2.74967247895e-07,-2.42775596279e-07,-2.1407791819e-07,-1.88512112372e-07,-1.65752477943e-07,-1.45506134386e-07,-1.27509787931e-07,-1.11526811349e-07,-9.73446071783e-08,-8.47722271655e-08,-7.36382232849e-08,-6.37887080796e-08,-5.50856041442e-08,-4.74050645879e-08,-4.06360479937e-08,-3.46790330019e-08,-2.9444859076e-08,-2.4853681279e-08,-2.08340280399e-08,-1.7321951967e-08,-1.4260264699e-08,-1.1597847637e-08,-9.28903117705e-09,-7.29303579823e-09,-5.57346893592e-09,-4.09787222792e-09,-2.83731416549e-09,-1.76602371016e-09,-8.61060844616e-10,-1.02020415519e-10,5.29234014219e-10,1.04880928451e-09,1.4709973966e-09,1.80846833823e-09,2.07244315618e-09,2.27284925162e-09,2.41845965859e-09,2.51701793058e-09,2.57535005608e-09,2.59946470748e-09,2.59464299693e-09,2.5655187722e-09,2.51615038902e-09,2.4500847969e-09,2.37041466272e-09,2.2798291623e-09,2.18065898259e-09,2.07491595851e-09,1.96432765446e-09,1.85036706766e-09,1.73427743515e-09,1.61709192243e-09,1.49964761993e-09,1.38259288548e-09,1.26638639898e-09,1.15128546381e-09,1.03731978083e-09,9.24245095217e-10,8.11468370567e-10,6.97932128473e-10,5.81939274106e-10,4.60889572743e-10,3.30880332941e-10,1.86084431143e-10,1.77163422649e-11,-1.87921817618e-10,-4.53857326837e-10,-8.22887862923e-10,-1.36399085928e-09,-7.55519243463e-10,0
0,1.1695986642e-06,6.68425424912e-07,4.53718081233e-07,3.93208861996e-07,4.22113010499e-07,5.58838843387e-07,8.8415639016e-07,1.57154863554e-06,2.97103438327e-06,5.78172903783e-06,1.1397233133e-05,2.25960135257e-05,4.49234779445e-05,8.94122134264e-05,0.000177095888023,0.000338822284677,0.000568766358525,0.000711006546309,0.000804767616315,0.000877986616302,0.000944446372334,0.00100892795216,0.00106924803599,0.00111740707546,0.00114158338996,0.00112974321748,0.00107412962074,0.000974560164998,0.000838965510723,0.000681080914772,0.000516634322033,0.000359762645724,0.000220762392332,0.000105457401554,1.57750473301e-05,-4.91965963858e-05,-9.21852123773e-05,-0.000116905804378,-0.000127417674566,-0.000127643732252,-0.000121046493823,-0.00011045399212,-9.8012684616e-05,-8.52315084055e-05,-7.30788382423e-05,-6.21001690437e-05,-5.2534014698e-05,-4.44130116459e-05,-3.76446742814e-05,-3.2071238963e-05,-2.75108694259e-05,-2.3783747146e-05,-2.07267961602e-05,-1.82004415402e-05,-1.609019071e-05,-1.43051579847e-05,-1.27750377863e-05,-1.14465226642e-05,-1.02797718171e-05,-9.24525597129e-06,-8.32111689763e-06,-7.49106343372e-06,-6.74276081691e-06,-6.06663981812e-06,-5.45504373727e-06,-4.90163545467e-06,-4.40099707815e-06,-3.94836723602e-06,-3.53947337561e-06,-3.17042731405e-06,-2.83766127194e-06,-2.53788865665e-06,-2.26807913828e-06,-2.02544136718e-06,-1.80740932392e-06,-1.61163005601e-06,-1.43595168027e-06,-1.2784112093e-06,-1.13722214006e-06,-1.0107619301e-06,-8.97559557481e-07,-7.96283364642e-07,-7.05729357523e-07,-6.24810089486e-07,-5.52544216249e-07,-4.88046769569e-07,-4.30520165946e-07,-3.79245942766e-07,-3.33577197344e-07,-2.92931693191e-07,-2.56785591266e-07,-2.2466776086e-07,-1.96154624078e-07,-1.70865488884e-07,-1.48458327706e-07,-1.28625961206e-07,-1.11092609831e-07,-9.56107786901e-08,-8.19584443104e-08,-6.99365146046e-08,-5.93665360373e-08,-5.00886243821e-08,-4.19595976779e-08,-3.48512920356e-08,-2.86490427541e-08,-2.32503148603e-08,-1.85634687199e-08,-1.45066477074e-08,-1.10067761355e-08,-7.99865678259e-09,-5.42415838996e-09,-3.23148434624e-09,-1.37451466907e-09,1.877858608e-10,1.49189992561e-09,2.5702360746e-09,3.45155862697e-09,4.16137385957e-09,4.72227678442e-09,5.15426244881e-09,5.47500527632e-09,5.70010962821e-09,5.84333447915e-09,5.916794784e-09,5.93114188819e-09,5.89572508912e-09,5.81873624572e-09,5.70733915442e-09,5.56778523301e-09,5.40551689592e-09,5.22525986518e-09,5.03110553598e-09,4.82658437706e-09,4.61473126496e-09,4.39814350794e-09,4.17903223781e-09,3.95926771894e-09,3.74041902797e-09,3.52378838598e-09,3.31044033005e-09,3.10122563369e-09,2.89679968274e-09,2.6976346042e-09,2.50402397299e-09,2.31607818024e-09,2.13370753351e-09,1.95658865785e-09,1.7841076447e-09,1.61527017785e-09,1.44856418843e-09,1.28175330975e-09,1.11156767941e-09,9.33237673738e-10,7.39773062615e-10,5.2078516234e-10,2.60360879178e-10,-6.72226756137e-11,-5.05208827714e-10,-1.10866369258e-09,-7.43927065476e-10,0
0,3.52243080029e-06,1.92320825511e-06,1.21309450342e-06,9.37697791334e-07,8.43026121075e-07,8.86780139824e-07,1.12676451999e-06,1.71889745131e-06,2.9879458918e-06,5.58760203978e-06,1.08256130562e-05,2.13209267768e-05,4.23551909773e-05,8.47439760798e-05,0.000170731738508,0.000339217474368,0.000598573646523,0.000752298752709,0.000857200660805,0.000943194234296,0.00102427254565,0.00110537990819,0.00118411770707,0.00125146769985,0.00129362048747,0.00129588453319,0.00124791161085,0.0011477969403,0.0010031376857,0.000828798818716,0.000642775166219,0.000462018109078,0.000299508821559,0.000163092121047,5.58303014486e-05,-2.2864087845e-05,-7.5964165473e-05,-0.000107736359213,-0.000122890621588,-0.000125971517907,-0.000120971841062,-0.000111139276877,-9.89338717957e-05,-8.60874533413e-05,-7.3719147564e-05,-6.24708486324e-05,-5.26383771686e-05,-4.42848010469e-05,-3.73304870659e-05,-3.1619721607e-05,-2.69666571729e-05,-2.31845754763e-05,-2.0102623267e-05,-1.75737531598e-05,-1.54769197775e-05,-1.37158488966e-05,-1.22160288881e-05,-1.09210214249e-05,-9.78876469316e-06,-8.78823763413e-06,-7.89664832997e-06,-7.09718100384e-06,-6.37726310457e-06,-5.72727884126e-06,-5.13964451365e-06,-4.60816398677e-06,-4.12759277707e-06,-3.69335201387e-06,-3.30134638149e-06,-2.94785164594e-06,-2.62944694488e-06,-2.34297457723e-06,-2.08551573637e-06,-1.85437477654e-06,-1.64706750183e-06,-1.46131091737e-06,-1.29501313948e-06,-1.14626292936e-06,-1.01331875197e-06,-8.94597484181e-07,-7.88662985783e-07,-6.94214760716e-07,-6.10076909456e-07,-5.35187530959e-07,-4.68588686447e-07,-4.09416995119e-07,-3.568948967e-07,-3.10322588362e-07,-2.690706235e-07,-2.32573146115e-07,-2.00321725888e-07,-1.71859754214e-07,-1.46777359466e-07,-1.24706799703e-07,-1.05318292328e-07,-8.83162421965e-08,-7.34358321928e-08,-6.04399429557e-08,-4.91163711144e-08,-3.92753180329e-08,-3.07471235257e-08,-2.33802213352e-08,-1.70392952544e-08,-1.16036167997e-08,-6.96554704779e-09,-3.02918689519e-09,2.90838494442e-10,3.0704740076e-09,5.37721938513e-09,7.27101511346e-09,8.80503902925e-09,1.00264223475e-08,1.09768930054e-08,1.16933534483e-08,1.22083993222e-08,1.25507849246e-08,1.27458406776e-08,1.28158474225e-08,1.27803718107e-08,1.26565667335e-08,1.24594402732e-08,1.22020963585e-08,1.18959499936e-08,1.15509196423e-08,1.11755990751e-08,1.0777410813e-08,1.0362743006e-08,9.93707149379e-09,9.5050685358e-09,9.07069960965e-09,8.63730948802e-09,8.20769869211e-09,7.78419131711e-09,7.36869505841e-09,6.96275421932e-09,6.56759633386e-09,6.18417293073e-09,5.81319484803e-09,5.45516236379e-09,5.11039024209e-09,4.77902754572e-09,4.46107182147e-09,4.1563767922e-09,3.86465218725e-09,3.58545349586e-09,3.31815827833e-09,3.06192399584e-09,2.81561990909e-09,2.5777219827e-09,2.34615444536e-09,2.11805355609e-09,1.8894160982e-09,1.6545724785e-09,1.40537956385e-09,1.12992783128e-09,8.10320605506e-10,4.18702677226e-10,-8.78656126932e-11,-7.54566397642e-10,-7.02554931071e-10,0
0,5.86429007628e-06,3.05798905603e-06,1.85744666419e-06,1.36668994422e-06,1.14471764696e-06,1.08967307752e-06,1.23105471223e-06,1.69573327539e-06,2.76160361419e-06,4.99515873548e-06,9.53543931369e-06,1.86738147959e-05,3.70756531745e-05,7.45739908882e-05,0.000153190754061,0.000320088610987,0.000608623327733,0.000767901647021,0.000880275572824,0.000976641854583,0.00107071166351,0.00116752642075,0.00126461977008,0.00135216291122,0.00141448678781,0.00143420494034,0.00139818061295,0.00130247773573,0.00115399262901,0.000968337289602,0.000765421298409,0.000564742620097,0.000381822537927,0.00022651182172,0.00010309530573,1.14537398566e-05,-5.147601018e-05,-9.03714987844e-05,-0.00011047919018,-0.000116877474464,-0.000114023902975,-0.000105538049118,-9.41596100256e-05,-8.18200732086e-05,-6.97743415233e-05,-5.87520343907e-05,-4.9102316178e-05,-4.09181267768e-05,-3.4134456003e-05,-2.86008749299e-05,-2.41315479831e-05,-2.0537166674e-05,-1.76433470097e-05,-1.52995308929e-05,-1.33816757919e-05,-1.17912211039e-05,-1.0452100608e-05,-9.30697933068e-06,-8.31344076111e-06,-7.44052518467e-06,-6.6658003716e-06,-5.97300787553e-06,-5.35024933204e-06,-4.78863861927e-06,-4.28133295044e-06,-3.82285825718e-06,-3.40865426604e-06,-3.03477773963e-06,-2.69771562494e-06,-2.39427181971e-06,-2.12150128635e-06,-1.87667318451e-06,-1.65725071551e-06,-1.46087976206e-06,-1.28538149011e-06,-1.12874616218e-06,-9.89126760002e-07,-8.64831843365e-07,-7.54317546705e-07,-6.56178860038e-07,-5.69140441522e-07,-4.92047226769e-07,-4.2385507392e-07,-3.63621638184e-07,-3.10497619859e-07,-2.63718483604e-07,-2.22596707511e-07,-1.86514589522e-07,-1.54917615442e-07,-1.27308376321e-07,-1.03241011996e-07,-8.23161508567e-08,-6.41763123328e-08,-4.85017372653e-08,-3.5006611559e-08,-2.3435649659e-08,-1.35610062033e-08,-5.17948628472e-09,1.88997305883e-09,7.80857526854e-09,1.27197136308e-08,1.67508185803e-08,2.00150221067e-08,2.26126566061e-08,2.46326040248e-08,2.6153509651e-08,2.72448735534e-08,2.79680315102e-08,2.83770361741e-08,2.85194481439e-08,2.84370458198e-08,2.81664619745e-08,2.77397543181e-08,2.71849165823e-08,2.65263360453e-08,2.57852028776e-08,2.49798761382e-08,2.41262108017e-08,2.32378497602e-08,2.23264843943e-08,2.14020868951e-08,2.04731172657e-08,1.95467076097e-08,1.86288260576e-08,1.77244224581e-08,1.6837557737e-08,1.59715186389e-08,1.51289193952e-08,1.43117916942e-08,1.35216641979e-08,1.27596327151e-08,1.20264219824e-08,1.13224399846e-08,1.06478255184e-08,1.00024896929e-08,9.38615192615e-09,8.79837086261e-09,8.23857054931e-09,7.70606204609e-09,7.20006046367e-09,6.71969719783e-09,6.26402680475e-09,5.8320275219e-09,5.42259382781e-09,5.03451855152e-09,4.6664607581e-09,4.31689381834e-09,3.98402538948e-09,3.66567712391e-09,3.3591060656e-09,3.06074096878e-09,2.76579271671e-09,2.46767441483e-09,2.15712228962e-09,1.82081771217e-09,1.43913696938e-09,9.82584014018e-10,4.08802899129e-10,-3.21322466783e-10,-6.33494832212e-10,0
0,8.12678741783e-06,3.93397388347e-06,2.26243044387e-06,1.57422594087e-06,1.24140385826e-06,1.10206535018e-06,1.1512997002e-06,1.47680331269e-06,2.2919866726e-06,4.04238816561e-06,7.63071534994e-06,1.48808722688e-05,2.95336632318e-05,5.96687925999e-05,0.000125053892418,0.000279186786116,0.000597325191165,0.000754167483053,0.000869578691186,0.000973552215648,0.00107875832804,0.00119013412133,0.00130524177018,0.0014136582118,0.0014980165338,0.00153823376367,0.0015182248593,0.00143175868589,0.00128471525343,0.00109311584113,0.000878450159053,0.000662469057891,0.000463019746262,0.000291850758156,0.000154471597684,5.13199456497e-05,-2.06215831223e-05,-6.62950222905e-05,-9.13490832886e-05,-0.000101284956907,-0.000100939021113,-9.42394154809e-05,-8.4160747414e-05,-7.28038615649e-05,-6.1539928823e-05,-5.11746199106e-05,-4.21043090591e-05,-3.44494832601e-05,-2.81599547377e-05,-2.30923609267e-05,-1.90635610429e-05,-1.58847590007e-05,-1.33812342666e-05,-1.1401992784e-05,-9.82282680377e-06,-8.54541850774e-06,-7.4943571073e-06,-6.61331336906e-06,-5.86113829174e-06,-5.20831038007e-06,-4.6339251287e-06,-4.12327521714e-06,-3.66598682506e-06,-3.25463665918e-06,-2.8837604432e-06,-2.54916561599e-06,-2.24747115332e-06,-1.97581082862e-06,-1.73164990332e-06,-1.51267760447e-06,-1.31674812039e-06,-1.14185108111e-06,-9.86098744264e-07,-8.47721672876e-07,-7.25067901375e-07,-6.1660275753e-07,-5.20907915094e-07,-4.36679117606e-07,-3.62722510372e-07,-2.97949772753e-07,-2.41372347649e-07,-1.92095082179e-07,-1.49309564401e-07,-1.12287391341e-07,-8.0373549257e-08,-5.29800361702e-08,-2.95798132458e-08,-9.70113673419e-09,7.07770445184e-09,2.11332397528e-08,3.28012642406e-08,4.23808986569e-08,5.01382839239e-08,5.63099347426e-08,6.1105777836e-08,6.47119003529e-08,6.72930330223e-08,6.89947913747e-08,6.99456968347e-08,7.02589978316e-08,7.00343095063e-08,6.93590890107e-08,6.83099619537e-08,6.69539141363e-08,6.53493614697e-08,6.35471098581e-08,6.15912156357e-08,5.95197563085e-08,5.73655203825e-08,5.51566242271e-08,5.29170632825e-08,5.06672040899e-08,4.8424223163e-08,4.62024980398e-08,4.40139553887e-08,4.18683805713e-08,3.97736926522e-08,3.7736188409e-08,3.57607586062e-08,3.38510794504e-08,3.20097818292e-08,3.02386007299e-08,2.85385069403e-08,2.69098229621e-08,2.53523248398e-08,2.38653314547e-08,2.24477826559e-08,2.10983074703e-08,1.98152835018e-08,1.85968884861e-08,1.74411449026e-08,1.6345958382e-08,1.53091506303e-08,1.43284874198e-08,1.34017021639e-08,1.25265154856e-08,1.17006510564e-08,1.09218479252e-08,1.0187869367e-08,9.49650811001e-09,8.84558758461e-09,8.23295846897e-09,7.6564893873e-09,7.11404990526e-09,6.6034830789e-09,6.12256342014e-09,5.66893417401e-09,5.2400149387e-09,4.83286647488e-09,4.4439932624e-09,4.06905513247e-09,3.7024445673e-09,3.33666240807e-09,2.9613821555e-09,2.56201567889e-09,2.11748379401e-09,1.59706884624e-09,9.59003237106e-10,1.67183894177e-10,-5.39681276334e-10,0
0,1.00680858533e-05,4.29477113013e-06,2.24376643793e-06,1.44273266287e-06,1.06701057899e-06,8.94747694886e-07,8.85569114522e-07,1.0849184172e-06,1.63343931042e-06,2.836447763e-06,5.31867418735e-06,1.03470115798e-05,2.05292978219e-05,4.15790353954e-05,8.86129165144e-05,0.000215060964334,0.000561908599473,0.000704572978646,0.000818320728753,0.000927783281228,0.00104298596317,0.00116826013067,0.00130125094602,0.00143122480804,0.00153936735179,0.00160296396448,0.00160286760539,0.00153032794287,0.00138993505675,0.00119782137207,0.000976748118901,0.000750427284623,0.000538790342297,0.000355324638339,0.000206709536343,9.39823441508e-05,1.42808544764e-05,-3.74626515376e-05,-6.71599632339e-05,-8.06129668949e-05,-8.29387561038e-05,-7.83001493786e-05,-6.98539200709e-05,-5.98344418092e-05,-4.97060585914e-05,-4.03365366691e-05,-3.2161803692e-05,-2.53264174374e-05,-1.97941992548e-05,-1.54296503005e-05,-1.20540212909e-05,-9.48115597759e-06,-7.53825626676e-06,-6.07610037033e-06,-4.97237010879e-06,-4.13084228847e-06,-3.47839532459e-06,-2.96112736446e-06,-2.54038410282e-06,-2.18913808738e-06,-1.88892140334e-06,-1.6273630152e-06,-1.39629587791e-06,-1.19035660022e-06,-1.0059860484e-06,-8.40741261222e-07,-6.92839480693e-07,-5.60868878433e-07,-4.43614621121e-07,-3.39961639216e-07,-2.48846132739e-07,-1.69236318432e-07,-1.00129354051e-07,-4.05560694608e-08,1.04115669506e-08,5.36530880658e-08,8.99936720147e-08,1.20200302159e-07,1.449799484e-07,1.64979517241e-07,1.80787214583e-07,1.92934951994e-07,2.01901461233e-07,2.08115836731e-07,2.11961285177e-07,2.13778917137e-07,2.13871463301e-07,2.12506836715e-07,2.0992149216e-07,2.06323556101e-07,2.0189571643e-07,1.96797872164e-07,1.91169550338e-07,1.85132101719e-07,1.78790689359e-07,1.72236085098e-07,1.65546289281e-07,1.58787988629e-07,1.52017866465e-07,1.45283778651e-07,1.38625807605e-07,1.32077205869e-07,1.25665239678e-07,1.19411942178e-07,1.13334785011e-07,1.0744727632e-07,1.01759492407e-07,9.62785497039e-08,9.10090230509e-08,8.59533157586e-08,8.11119864402e-08,7.64840370454e-08,7.20671662394e-08,6.78579917603e-08,6.38522451074e-08,6.00449415307e-08,5.64305280774e-08,5.30030120859e-08,4.97560723377e-08,4.66831548508e-08,4.37775550512e-08,4.1032487938e-08,3.84411476284e-08,3.59967575845e-08,3.36926126264e-08,3.15221137481e-08,2.94787966406e-08,2.75563547083e-08,2.57486573003e-08,2.4049763756e-08,2.24539338277e-08,2.09556349487e-08,1.95495467505e-08,1.82305631553e-08,1.69937923438e-08,1.58345547578e-08,1.47483792582e-08,1.37309974544e-08,1.27783360837e-08,1.18865070912e-08,1.10517949515e-08,1.02706402738e-08,9.53961841058e-09,8.85541095778e-09,8.21476719569e-09,7.61445096256e-09,7.05116646355e-09,6.52145344396e-09,6.02153779244e-09,5.54711702756e-09,5.093050537e-09,4.65290937995e-09,4.21831691545e-09,3.77797223118e-09,3.31618606753e-09,2.81070771178e-09,2.22996232571e-09,1.53265473549e-09,6.83503735135e-10,-4.24881354929e-10,0
0,1.09712026617e-05,3.73111705874e-06,1.64117239728e-06,9.46481161411e-07,6.5716397725e-07,5.28971193404e-07,5.08069034437e-07,6.09416140604e-07,9.06511350085e-07,1.565648909e-06,2.92989088361e-06,5.69626296044e-06,1.12982944487e-05,2.2870404012e-05,4.9066456005e-05,0.000130444103414,0.000490662234474,0.000603836613574,0.000715494155255,0.000832257667666,0.000958816700722,0.00109862627948,0.00124986868243,0.00140212354146,0.00153562084184,0.00162521914161,0.00164866652899,0.0015945064422,0.00146579292238,0.00127849539603,0.00105635562797,0.000824762336584,0.000605481534446,0.000413556132004,0.000256747304756,0.000136702374068,5.0799543549e-05,-6.02924223411e-06,-3.98241617248e-05,-5.65639595372e-05,-6.15436396056e-05,-5.90814955761e-05,-5.24590758662e-05,-4.40049617311e-05,-3.52512210081e-05,-2.71122921003e-05,-2.00551056248e-05,-1.42442182751e-05,-9.6561537598e-06,-6.16356887403e-06,-3.59323774146e-06,-1.76314441902e-06,-5.04004375147e-07,3.30102596754e-07,8.5821170036e-07,1.17322113575e-06,1.34489647058e-06,1.42379567367e-06,1.44529301323e-06,1.43324727508e-06,1.40310664885e-06,1.3643974216e-06,1.32263206011e-06,1.28071564453e-06,1.23994432943e-06,1.20068744026e-06,1.16283410256e-06,1.12607118449e-06,1.09004493552e-06,1.05444569063e-06,1.01904410149e-06,9.83698701959e-07,9.48348048764e-07,9.12995889166e-07,8.77694445042e-07,8.42528632481e-07,8.07602569024e-07,7.7302882248e-07,7.38920344477e-07,7.0538477434e-07,6.72520698538e-07,6.40415442222e-07,6.09144008398e-07,5.78768840238e-07,5.49340146218e-07,5.20896587835e-07,4.93466181239e-07,4.67067306176e-07,4.41709748514e-07,4.17395727399e-07,3.94120876196e-07,3.71875159305e-07,3.50643715786e-07,3.30407626648e-07,3.11144606491e-07,2.92829622453e-07,2.75435444812e-07,2.58933134141e-07,2.43292470206e-07,2.28482327717e-07,2.14471003827e-07,2.01226502083e-07,1.88716777087e-07,1.76909943944e-07,1.65774456109e-07,1.5527925508e-07,1.45393894982e-07,1.36088644886e-07,1.2733457142e-07,1.19103603991e-07,1.1136858478e-07,1.04103305357e-07,9.72825316975e-08,9.08820191247e-08,8.48785185993e-08,7.92497755635e-08,7.39745225143e-08,6.90324662572e-08,6.44042707294e-08,6.00715361926e-08,5.60167754696e-08,5.22233878248e-08,4.86756310289e-08,4.53585920694e-08,4.22581569009e-08,3.93609795705e-08,3.66544510353e-08,3.41266678964e-08,3.17664012869e-08,2.95630660437e-08,2.75066903316e-08,2.5587885817e-08,2.37978184262e-08,2.21281797546e-08,2.05711590904e-08,1.91194160069e-08,1.77660533636e-08,1.65045905525e-08,1.53289366257e-08,1.42333628109e-08,1.32124737249e-08,1.22611761861e-08,1.13746441178e-08,1.05482772767e-08,9.77765058394e-09,9.05844929753e-09,8.38638319014e-09,7.75706969306e-09,7.16587149287e-09,6.60766723962e-09,6.07652425082e-09,5.5652270134e-09,5.06459258674e-09,4.56246880897e-09,4.04226421654e-09,3.48085446731e-09,2.84614103376e-09,2.09717048201e-09,1.19800344451e-09,-2.93611594014e-10,0
0,8.97273930476e-06,1.95605339686e-06,6.2503516436e-07,3.16295858443e-07,2.11724471432e-07,1.68358411606e-07,1.61104250207e-07,1.93660780565e-07,2.89371238958e-07,5.0160125762e-07,9.40649561484e-07,1.83053890328e-06,3.62965936355e-06,7.31832498018e-06,1.55183891459e-05,4.28552053227e-05,0.000329312712002,0.000422228398932,0.000550402558285,0.000684517266637,0.000826922334235,0.00098276414427,0.00115245225054,0.0013270949795,0.00148677618084,0.00160428840622,0.00165429316357,0.00162245469581,0.00151004473552,0.00133259299779,0.00111452797022,0.000882628457804,0.00066023937653,0.000463762016584,0.000301931003181,0.000176991712384,8.6627896159e-05,2.58815845981e-05,-1.12902103268e-05,-3.09235078045e-05,-3.83892704133e-05,-3.80811430657e-05,-3.33465481576e-05,-2.65675374243e-05,-1.9317418068e-05,-1.25412532644e-05,-6.72811490417e-06,-2.05835081489e-06,1.48020376299e-06,4.00656292527e-06,5.68749552188e-06,6.69966670612e-06,7.20762733085e-06,7.35289625148e-06,7.25029438242e-06,6.98863509539e-06,6.63372066877e-06,6.23228336942e-06,5.8160333381e-06,5.40534970093e-06,5.0124029117e-06,4.6436540296e-06,4.30176671948e-06,3.98701194249e-06,3.69826029905e-06,3.43365490398e-06,3.19104680321e-06,2.96826061119e-06,2.76324343292e-06,2.57413692864e-06,2.3993013122e-06,2.23731129676e-06,2.0869373432e-06,1.94712071336e-06,1.81694742356e-06,1.69562389618e-06,1.58245562312e-06,1.47682924837e-06,1.37819796266e-06,1.28606984547e-06,1.19999869122e-06,1.11957685049e-06,1.04442965985e-06,9.74211096721e-07,9.08600363895e-07,8.47299170873e-07,7.90029534163e-07,7.36531963022e-07,6.86563932533e-07,6.39898572735e-07,5.9632352262e-07,5.55639912447e-07,5.17661448324e-07,4.82213580318e-07,4.49132740573e-07,4.18265641396e-07,3.89468625737e-07,3.6260706413e-07,3.37554793366e-07,3.14193592951e-07,2.92412696004e-07,2.72108331755e-07,2.53183297077e-07,2.35546554845e-07,2.19112857103e-07,2.03802391257e-07,1.89540447676e-07,1.76257107261e-07,1.63886947612e-07,1.52368766659e-07,1.41645322605e-07,1.31663089197e-07,1.22372025415e-07,1.13725358703e-07,1.05679380973e-07,9.81932566463e-08,9.12288420375e-08,8.47505154477e-08,7.87250173792e-08,7.31213002829e-08,6.79103873257e-08,6.30652396597e-08,5.85606317303e-08,5.4373034161e-08,5.04805037941e-08,4.68625804705e-08,4.35001901697e-08,4.03755541391e-08,3.74721036615e-08,3.47744001068e-08,3.22680599589e-08,2.99396844987e-08,2.77767937966e-08,2.57677647461e-08,2.39017727633e-08,2.21687368441e-08,2.05592675495e-08,1.90646175081e-08,1.7676633859e-08,1.63877119525e-08,1.51907493929e-08,1.40790991776e-08,1.30465202205e-08,1.2087122831e-08,1.1195305718e-08,1.0365679557e-08,9.59297002233e-09,8.87188994341e-09,8.1969656904e-09,7.56229597313e-09,6.96121144011e-09,6.38578861761e-09,5.82615030093e-09,5.26945388838e-09,4.69843632204e-09,4.08941438786e-09,3.41009162981e-09,2.61977635077e-09,1.68086746459e-09,-1.50998419841e-10,0
0,5.25129124693e-104,5.57960964847e-104,4.51679605298e-104,3.26705320865e-104,2.2334831322e-104,1.48811717756e-104,9.89605156329e-105,6.7449918566e-105,4.88537661999e-105,3.92563549549e-105,3.59199130485e-105,3.66390386393e-105,3.89613947208e-105,3.94299851613e-105,3.35030152675e-105,1.87181507172e-105,-0.00010799372859,0.000145358321542,0.000332928257341,0.000496597039428,0.000658007469746,0.000829524161094,0.0010159639363,0.00121130496373,0.00139638880509,0.00154235510997,0.0016208046388,0.00161432653118,0.00152213288707,0.00135900687487,0.0011497439926,0.000922208979927,0.000701057299853,0.000503837211903,0.00034013171925,0.000212754209449,0.000119741468606,5.63408072874e-05,1.66205100115e-05,-5.4008840483e-06,-1.50729687912e-05,-1.67870337007e-05,-1.38985833232e-05,-8.80286229675e-06,-3.08814422275e-06,2.28576745263e-06,6.81634034373e-06,1.03114498805e-05,1.27731682012e-05,1.43118917975e-05,1.50869644831e-05,1.52685448452e-05,1.50153689445e-05,1.44636640723e-05,1.37233675415e-05,1.2878743737e-05,1.19913367622e-05,1.11038865934e-05,1.0244362847e-05,9.4296470724e-06,8.66864814964e-06,7.96479459297e-06,7.31793866667e-06,6.7257520259e-06,6.18470793874e-06,5.69074322775e-06,5.23968225015e-06,4.82749089362e-06,4.45041390708e-06,4.10503562659e-06,3.78829303637e-06,3.49746128106e-06,3.23012504797e-06,2.98414435505e-06,2.75761985075e-06,2.5488604178e-06,2.35635437828e-06,2.17874468304e-06,2.01480794979e-06,1.86343695447e-06,1.72362608069e-06,1.59445922648e-06,1.47509971056e-06,1.36478178493e-06,1.26280342947e-06,1.16852016886e-06,1.08133970827e-06,1.00071723046e-06,9.26151233811e-07,8.57179819078e-07,7.93377354426e-07,7.34351464174e-07,6.79740298598e-07,6.29210050698e-07,5.82452692299e-07,5.39183906366e-07,4.99141196038e-07,4.62082153423e-07,4.27782873366e-07,3.96036499009e-07,3.66651887358e-07,3.39452384294e-07,3.14274699421e-07,2.90967872094e-07,2.69392320775e-07,2.49418968544e-07,2.30928438322e-07,2.13810311901e-07,1.97962447383e-07,1.8329035023e-07,1.69706593433e-07,1.57130282788e-07,1.45486563589e-07,1.34706165396e-07,1.24724981789e-07,1.15483682353e-07,1.06927354288e-07,9.90051713208e-08,9.16700877999e-08,8.48785559536e-08,7.85902645499e-08,7.27678972854e-08,6.7376909372e-08,6.2385320939e-08,5.77635259403e-08,5.34841153936e-08,4.95217138493e-08,4.58528280783e-08,4.24557070467e-08,3.93102122967e-08,3.63976979496e-08,3.37008995537e-08,3.12038310871e-08,2.88916894237e-08,2.6750765625e-08,2.47683624094e-08,2.29327171378e-08,2.12329296316e-08,1.96588940436e-08,1.82012339016e-08,1.68512392006e-08,1.56008041545e-08,1.44423637168e-08,1.3368826305e-08,1.23734991346e-08,1.14500010769e-08,1.05921557836e-08,9.79385457396e-09,9.04887403439e-09,8.35062639021e-09,7.69181096365e-09,7.06392077786e-09,6.45653838559e-09,5.85632917836e-09,5.2456199768e-09,4.60050218265e-09,3.88881811147e-09,3.07014805149e-09,2.10449876534e-09,-2.59833715181e-12,0
0,4.42626384969e-104,5.00308117861e-104,4.0823092827e-104,2.95102882407e-104,2.01198124955e-104,1.33672946358e-104,8.86913343067e-105,6.03626036152e-105,4.36968155568e-105,3.51244922745e-105,3.21627882666e-105,3.28026500299e-105,3.47731893968e-105,3.48216737432e-105,2.86311999835e-105,1.36887823124e-105,-0.000635857776807,-0.000147597499153,0.000102318434003,0.000293652660857,0.000470611759998,0.000653422965255,0.000851902384616,0.00106370283602,0.00127120553122,0.00144429470255,0.0015515256818,0.00157218664036,0.00150311487923,0.00135799993918,0.00116164625486,0.000942672379971,0.00072675628594,0.000532363590813,0.000369782769017,0.000242347651725,0.000148478565486,8.37078128127e-05,4.23160421462e-05,1.8478114741e-05,6.9557989311e-06,3.43281530215e-06,4.60004620843e-06,8.0872188905e-06,1.23160478926e-05,1.63270491649e-05,1.96123801142e-05,2.19717978851e-05,2.33982553926e-05,2.39930779354e-05,2.3907119207e-05,2.33028407549e-05,2.2332105561e-05,2.11250330558e-05,1.97861244068e-05,1.83947811697e-05,1.70081688588e-05,1.56650585131e-05,1.43898007754e-05,1.31959616197e-05,1.20894017911e-05,1.10707412499e-05,1.01372413479e-05,9.28418271601e-06,8.50583261472e-06,7.7960939544e-06,7.14891766987e-06,6.55854601439e-06,6.01963984131e-06,5.52732979068e-06,5.07722024972e-06,4.66536617406e-06,4.28823618372e-06,3.94267047466e-06,3.62583866088e-06,3.33520034566e-06,3.06846972204e-06,2.82358458344e-06,2.59867960222e-06,2.3920634694e-06,2.20219938607e-06,2.02768838854e-06,1.86725503062e-06,1.71973500947e-06,1.58406439037e-06,1.45927014964e-06,1.34446181197e-06,1.23882400468e-06,1.14160978931e-06,1.05213466019e-06,9.69771122088e-07,8.93943776252e-07,8.2412485689e-07,7.59830169904e-07,7.00615393013e-07,6.46072702031e-07,5.95827692477e-07,5.49536569265e-07,5.06883580088e-07,4.67578670598e-07,4.31355341551e-07,3.97968690003e-07,3.67193618208e-07,3.38823195452e-07,3.12667159303e-07,2.88550544041e-07,2.66312425096e-07,2.45804769384e-07,2.26891382246e-07,2.09446942654e-07,1.93356119017e-07,1.78512758625e-07,1.64819144409e-07,1.52185313256e-07,1.40528430611e-07,1.29772216613e-07,1.19846419358e-07,1.10686331336e-07,1.02232345421e-07,9.44295470614e-08,8.72273396829e-08,8.05791005088e-08,7.44418642828e-08,6.87760325798e-08,6.35451065769e-08,5.87154413687e-08,5.42560200313e-08,5.01382458135e-08,4.63357509755e-08,4.28242208728e-08,3.95812320611e-08,3.65861032088e-08,3.3819757776e-08,3.12645974094e-08,2.89043851183e-08,2.67241372961e-08,2.47100236886e-08,2.28492743783e-08,2.1130092825e-08,1.95415738702e-08,1.80736254431e-08,1.6716892417e-08,1.54626805991e-08,1.43028781913e-08,1.32298710188e-08,1.22364463987e-08,1.13156783293e-08,1.04607835175e-08,9.66493324596e-09,8.9209993347e-09,8.22120294189e-09,7.55662142286e-09,6.91649014286e-09,6.28721502858e-09,5.65100141982e-09,4.98406678744e-09,4.2547521893e-09,3.42303691305e-09,2.4459749521e-09,1.45807750323e-10,0
0,3.69099750462e-104,4.4334557886e-104,3.65029877995e-104,2.63693839433e-104,1.792195303e-104,1.18676503175e-104,7.85324335592e-105,5.33583164305e-105,3.86040370345e-105,3.10473158025e-105,2.84610897349e-105,2.90360262933e-105,3.06923556253e-105,3.04046305155e-105,2.41322844096e-105,9.40015830857e-106,-0.000874424598616,-0.000395698807908,-0.00010749667428,9.97791495692e-05,0.00028383077706,0.00047034379473,0.000673571771906,0.000895226699993,0.00111997092729,0.00131687917288,0.00145151557342,0.00149964590432,0.00145540422285,0.00133101324034,0.00115089455334,0.000944061153581,0.000736904851502,0.000548558755453,0.00038985481002,0.000264582139649,0.000171558460393,0.000106665096637,6.44820003836e-05,3.94300317113e-05,2.64625609106e-05,2.14035498414e-05,2.10394283819e-05,2.30595098942e-05,2.59182421485e-05,2.8670251088e-05,3.08098703907e-05,3.21320891075e-05,3.26215944142e-05,3.23701551892e-05,3.15190741448e-05,3.02219428472e-05,2.86227174856e-05,2.68446259577e-05,2.49862244706e-05,2.31217952818e-05,2.1304077007e-05,1.9567981531e-05,1.79344612453e-05,1.6414058139e-05,1.50099155976e-05,1.37201913871e-05,1.2539901292e-05,1.14622682952e-05,1.04796684113e-05,9.58426327414e-06,8.76839956644e-06,8.02484170364e-06,7.34689003701e-06,6.72842396224e-06,6.16389846553e-06,5.64831399399e-06,5.17717295498e-06,4.74643133297e-06,4.35245052029e-06,3.99195215954e-06,3.66197730426e-06,3.35985028685e-06,3.08314715716e-06,2.82966828748e-06,2.59741463249e-06,2.38456712079e-06,2.18946869235e-06,2.01060855732e-06,1.84660831785e-06,1.69620965824e-06,1.55826336395e-06,1.43171947716e-06,1.31561843371e-06,1.2090830562e-06,1.11131130104e-06,1.02156967507e-06,9.3918725084e-07,8.63550220104e-07,7.94096933466e-07,7.30313380238e-07,6.71729067949e-07,6.1791326518e-07,5.68471574988e-07,5.23042809358e-07,4.81296137782e-07,4.42928485587e-07,4.07662159758e-07,3.75242682053e-07,3.45436810953e-07,3.18030735696e-07,2.92828427094e-07,2.69650131268e-07,2.483309936e-07,2.28719801427e-07,2.10677834996e-07,1.94077817136e-07,1.78802952974e-07,1.64746051818e-07,1.51808724013e-07,1.39900646218e-07,1.28938889173e-07,1.18847302507e-07,1.09555951655e-07,1.01000602387e-07,9.31222488274e-08,8.5866681233e-08,7.9184090113e-08,7.30287035658e-08,6.73584550122e-08,6.21346786941e-08,5.7321830613e-08,5.28872326896e-08,4.88008382109e-08,4.50350167095e-08,4.15643566487e-08,3.83654843397e-08,3.54168977224e-08,3.26988136708e-08,3.01930276043e-08,2.78827842434e-08,2.57526583955e-08,2.37884446284e-08,2.197705473e-08,2.03064216811e-08,1.87654087592e-08,1.73437221255e-08,1.60318247719e-08,1.48208491195e-08,1.37025045475e-08,1.26689747282e-08,1.17127975346e-08,1.08267172238e-08,1.00034941524e-08,9.23565082321e-09,8.51512389626e-09,7.8327791107e-09,7.17772959406e-09,6.53638125047e-09,5.89112684308e-09,5.21867504243e-09,4.48825410072e-09,3.66050704148e-09,2.68916654639e-09,2.88433273754e-10,0
0,3.04025508768e-104,3.87726078976e-104,3.22375337168e-104,2.3269628112e-104,1.57591333481e-104,1.03963572757e-104,6.85896646935e-105,4.65142562549e-105,3.36321281745e-105,2.7068342099e-105,2.48507971209e-105,2.53717602939e-105,2.67516655597e-105,2.62154867158e-105,2.00429616843e-105,5.86259348952e-106,-0.000944580562313,-0.000569182566066,-0.000276402919041,-6.80181659185e-05,0.000112987241346,0.000294352178779,0.000493705353206,0.000717008148378,0.000952067186642,0.0011677585354,0.00132681854999,0.00140131470101,0.00138237028494,0.00128036903645,0.00111894132295,0.00092711930562,0.000731686274348,0.000552175441132,0.000399782715306,0.000278671355138,0.000188054707553,0.000124211354956,8.20919372303e-05,5.64386060478e-05,4.2464261605e-05,3.61886403162e-05,3.45358830081e-05,3.52849158499e-05,3.69429817407e-05,3.85912713027e-05,3.97332959563e-05,4.01626105981e-05,3.98566825247e-05,3.8897483769e-05,3.74159227153e-05,3.55557083167e-05,3.34519579312e-05,3.12202794178e-05,2.89528002224e-05,2.67184371564e-05,2.45654615022e-05,2.25250496157e-05,2.06150010464e-05,1.88431629479e-05,1.72103425164e-05,1.57126435441e-05,1.4343252805e-05,1.30937471601e-05,1.19550088249e-05,1.09178358085e-05,9.97332516195e-06,9.11309358768e-06,8.32938632538e-06,7.61511274844e-06,6.96383656224e-06,6.36974007388e-06,5.8275755793e-06,5.33261220525e-06,4.88058322127e-06,4.46763658078e-06,4.09028998429e-06,3.74539085263e-06,3.43008107735e-06,3.14176614886e-06,2.87808815377e-06,2.63690211841e-06,2.4162552104e-06,2.21436836859e-06,2.02961999584e-06,1.86053141102e-06,1.70575381085e-06,1.56405653859e-06,1.43431649329e-06,1.31550854356e-06,1.20669683268e-06,1.10702688024e-06,1.01571839944e-06,9.3205876011e-07,8.55397036415e-07,7.85138585155e-07,7.20740106195e-07,6.61705141664e-07,6.07579974501e-07,5.57949890742e-07,5.12435773031e-07,4.70690995843e-07,4.32398595466e-07,3.97268690233e-07,3.65036128633e-07,3.35458344914e-07,3.08313403672e-07,2.83398216506e-07,2.60526915378e-07,2.39529368694e-07,2.2024982739e-07,2.02545689432e-07,1.86286372208e-07,1.71352283219e-07,1.57633880385e-07,1.45030813996e-07,1.33451143108e-07,1.22810619837e-07,1.13032035524e-07,1.0404462339e-07,9.57835126632e-08,8.81892297091e-08,8.12072420395e-08,7.47875414345e-08,6.8884262802e-08,6.34553356147e-08,5.84621651406e-08,5.38693408202e-08,4.96443694721e-08,4.57574311387e-08,4.21811556254e-08,3.88904178706e-08,3.58621505431e-08,3.30751722832e-08,3.05100301758e-08,2.81488550943e-08,2.59752286554e-08,2.39740604897e-08,2.21314745916e-08,2.04347033941e-08,1.88719880707e-08,1.74324833818e-08,1.61061648835e-08,1.48837358208e-08,1.37565299978e-08,1.27164056456e-08,1.17556232293e-08,1.08666972408e-08,1.00422077562e-08,9.27455137476e-09,8.55560251841e-09,7.87624429275e-09,7.22571359227e-09,6.59069211133e-09,5.95407929857e-09,5.29344584771e-09,4.57932183092e-09,3.77343290455e-09,2.82615001478e-09,4.1970588414e-10,0
0,2.46838991784e-104,3.34064253849e-104,2.80613928991e-104,2.02356395277e-104,1.36503291845e-104,8.96772621655e-105,5.89672722941e-105,3.99052465683e-105,2.88357339387e-105,2.32296638189e-105,2.13670348134e-105,2.18416897848e-105,2.29817431834e-105,2.22833685648e-105,1.63816877179e-105,3.07091152212e-106,-0.000923314058599,-0.000662413386299,-0.000395458411521,-0.000199999593546,-3.14011565658e-05,0.000136449191996,0.000323261715308,0.000539270584119,0.000776513446378,0.00100458540198,0.00118373863411,0.00128222679206,0.00128789041002,0.0012089243833,0.00106776128907,0.000893078293287,0.000711727712056,0.000543365888074,0.000399360931531,0.000284156587357,0.00019734582088,0.000135636068284,9.44021192273e-05,6.87654413168e-05,5.42515324848e-05,4.71199820643e-05,4.4466911735e-05,4.41860984298e-05,4.48552078433e-05,4.55935887028e-05,4.59209842595e-05,4.56333351403e-05,4.47025456446e-05,4.32011155178e-05,4.12491588277e-05,3.89797944611e-05,3.65185509874e-05,3.39727750663e-05,3.14277047979e-05,2.89466315371e-05,2.65732889831e-05,2.43352106605e-05,2.22472659153e-05,2.03149264377e-05,1.85370492385e-05,1.69081112807e-05,1.54199181176e-05,1.40628531683e-05,1.2826750824e-05,1.17014766058e-05,1.06772888645e-05,9.74504408197e-06,8.8962947953e-06,8.12331718879e-06,7.41909525246e-06,6.77728029332e-06,6.19213838743e-06,5.65849381476e-06,5.171673308e-06,4.72745376644e-06,4.32201466781e-06,3.95189553555e-06,3.61395831619e-06,3.30535426277e-06,3.02349481622e-06,2.76602596219e-06,2.53080557577e-06,2.31588332315e-06,2.11948275223e-06,1.93998526473e-06,1.7759157154e-06,1.62592942929e-06,1.48880046472e-06,1.36341097891e-06,1.24874157656e-06,1.14386253973e-06,1.0479258516e-06,9.60157938133e-07,8.7985306042e-07,8.06367298239e-07,7.39113071096e-07,6.77554148563e-07,6.21201106042e-07,5.69607186197e-07,5.223645298e-07,4.79100742955e-07,4.39475770606e-07,4.03179048886e-07,3.69926911292e-07,3.39460225871e-07,3.11542242704e-07,2.85956632759e-07,2.62505700925e-07,2.41008757559e-07,2.21300634362e-07,2.03230331578e-07,1.86659784768e-07,1.71462740444e-07,1.57523730825e-07,1.44737138877e-07,1.33006345517e-07,1.22242951742e-07,1.12366068944e-07,1.03301671377e-07,9.49820052631e-08,8.73450494931e-08,8.03340233784e-08,7.38969372525e-08,6.79861821939e-08,6.25581553506e-08,5.75729177788e-08,5.2993881902e-08,4.87875259822e-08,4.49231332279e-08,4.13725533654e-08,3.81099846546e-08,3.51117745611e-08,3.23562373673e-08,2.98234871904e-08,2.74952849137e-08,2.53548976833e-08,2.33869695986e-08,2.15774022713e-08,1.99132438573e-08,1.83825850455e-08,1.69744602766e-08,1.5678752072e-08,1.4486095831e-08,1.33877815344e-08,1.23756475547e-08,1.14419598634e-08,1.05792671627e-08,9.7802184523e-09,9.03732380177e-09,8.34263103373e-09,7.68728026167e-09,7.06088563679e-09,6.45068389993e-09,5.84039854596e-09,5.20882755228e-09,4.52823354358e-09,3.76200468695e-09,2.85764769768e-09,5.34476377001e-10,0
0,1.96975506274e-104,2.829174716e-104,2.40125594306e-104,1.72944877943e-104,1.16155026151e-104,7.59619476851e-105,4.97673296414e-105,3.36032518098e-105,2.4267060455e-105,1.95716535885e-105,1.80438441598e-105,1.84767197958e-105,1.9411016046e-105,1.86306970631e-105,1.31520145733e-105,9.87488207687e-107,-0.000852701683113,-0.00068781168487,-0.000463048671721,-0.000291526391927,-0.000142990116049,4.57007257352e-06,0.000171212978211,0.000371028808005,0.000601540092444,0.00083449415656,0.00102830804997,0.00114735956703,0.00117594330117,0.00111973580335,0.000999575872062,0.000843429876861,0.000677914714563,0.000522534827635,0.000388633562942,0.00028083224613,0.000199072716786,0.000140503285449,0.000100954822073,7.59659974952e-05,6.14116156119e-05,5.38235501244e-05,5.04969740246e-05,4.94620690006e-05,4.93832714611e-05,4.94298198469e-05,4.91455633873e-05,4.83336718814e-05,4.69631015425e-05,4.50979747643e-05,4.28477631907e-05,4.03346402693e-05,3.76739884236e-05,3.49643301898e-05,3.22835585312e-05,2.96890435511e-05,2.72198587304e-05,2.48999343937e-05,2.27413879462e-05,2.07476038156e-05,1.89158580567e-05,1.72394247012e-05,1.57091841762e-05,1.43147965734e-05,1.30455185591e-05,1.18907429102e-05,1.08403314326e-05,9.88480023511e-06,9.01540392464e-06,8.22415389182e-06,7.50379619071e-06,6.84776679225e-06,6.25013609266e-06,5.70555023564e-06,5.20917375996e-06,4.75663601842e-06,4.34398247522e-06,3.96763116571e-06,3.62433413316e-06,3.31114341938e-06,3.02538109351e-06,2.76461279538e-06,2.52662430749e-06,2.30940072694e-06,2.11110787154e-06,1.93007561361e-06,1.76478288753e-06,1.61384416135e-06,1.47599719872e-06,1.35009196625e-06,1.23508056428e-06,1.13000807684e-06,1.03400425079e-06,9.46275925473e-07,8.6610014313e-07,7.92817877928e-07,7.25828327668e-07,6.64583717628e-07,6.08584570658e-07,5.57375401792e-07,5.10540799391e-07,4.67701858129e-07,4.28512932256e-07,3.92658680331e-07,3.59851375171e-07,3.29828455096e-07,3.02350294709e-07,2.77198175385e-07,2.54172437413e-07,2.33090797399e-07,2.13786816012e-07,1.96108502492e-07,1.79917043574e-07,1.65085645635e-07,1.51498479839e-07,1.3904972105e-07,1.27642672029e-07,1.17188965308e-07,1.07607835732e-07,9.88254573616e-08,9.07743389637e-08,8.33927728377e-08,7.66243322487e-08,7.04174130739e-08,6.47248157807e-08,5.95033640958e-08,5.47135571221e-08,5.03192519189e-08,4.62873738387e-08,4.25876521446e-08,3.91923786609e-08,3.60761873734e-08,3.32158531335e-08,3.0590107686e-08,2.81794714434e-08,2.59660994949e-08,2.39336404518e-08,2.20671067577e-08,2.03527551047e-08,1.87779756001e-08,1.73311881612e-08,1.60017444767e-08,1.47798334917e-08,1.36563879009e-08,1.26229882953e-08,1.16717604482e-08,1.07952594829e-08,9.98633209004e-09,9.23794425847e-09,8.54295671132e-09,7.89382284243e-09,7.28217431356e-09,6.69824862743e-09,6.13010605854e-09,5.56259602739e-09,4.97608979136e-09,4.34501146806e-09,3.63514010805e-09,2.7923791954e-09,6.28203254103e-10,0
0,1.53895982616e-104,2.34780243944e-104,2.01312126049e-104,1.4475311193e-104,9.67544278337e-105,6.29622820071e-105,4.10890053839e-105,2.76768269048e-105,1.99754677539e-105,1.6132666679e-105,1.49139754174e-105,1.53067175445e-105,1.60658542522e-105,1.52741904926e-105,1.03452070232e-105,-4.52766035424e-107,-0.000754378293013,-0.000662817845707,-0.00048480546727,-0.000342355159164,-0.000218402011252,-9.57524718119e-05,4.47838899589e-05,0.000220326435595,0.000434716815656,0.000664007353332,0.000866028101236,0.00100132174273,0.00105030299842,0.00101578238377,0.000916610640415,0.00077972024289,0.000631226452098,0.000490219463478,0.000367819426806,0.000268711654486,0.000193136668289,0.000138670934892,0.000101608446111,7.79220755139e-05,6.38576972593e-05,5.62428429291e-05,5.25944227605e-05,5.1099320391e-05,5.05255943556e-05,5.01053784889e-05,4.94159353547e-05,4.82737812053e-05,4.664852832e-05,4.45977073489e-05,4.22207319474e-05,3.96287090641e-05,3.69264138494e-05,3.42029912303e-05,3.15284952495e-05,2.89540211409e-05,2.65137994762e-05,2.42281445864e-05,2.21065597909e-05,2.01506029021e-05,1.83563223352e-05,1.67162066359e-05,1.5220667765e-05,1.38591178989e-05,1.26207141935e-05,1.14948458714e-05,1.04714300666e-05,9.54107164902e-06,8.69513051029e-06,7.92572903921e-06,7.22572342899e-06,6.58865521266e-06,6.00869391167e-06,5.48057765843e-06,4.9995558288e-06,4.56133581795e-06,4.16203486795e-06,3.7981371118e-06,3.4664555812e-06,3.16409872121e-06,2.88844088296e-06,2.63709626932e-06,2.40789585245e-06,2.19886684189e-06,2.00821434531e-06,1.83430492316e-06,1.67565178956e-06,1.53090145528e-06,1.39882164327e-06,1.27829033509e-06,1.168285829e-06,1.06787770702e-06,9.76218622798e-07,8.92536832284e-07,8.16129398596e-07,7.46356009367e-07,6.82633351239e-07,6.24429991326e-07,5.71261720156e-07,5.2268731463e-07,4.78304683318e-07,4.3774735965e-07,4.00681311663e-07,3.66802039729e-07,3.35831936217e-07,3.07517883362e-07,2.81629067769e-07,2.57954991883e-07,2.36303664574e-07,2.16499954547e-07,1.98384091844e-07,1.81810303979e-07,1.66645574485e-07,1.52768512826e-07,1.40068325524e-07,1.28443879406e-07,1.17802848594e-07,1.08060937686e-07,9.91411742741e-08,9.09732645015e-08,8.34930060252e-08,7.6641753177e-08,7.03659296662e-08,6.46165845092e-08,5.93489873507e-08,5.45222596066e-08,5.00990382326e-08,4.60451692004e-08,4.23294279889e-08,3.89232647162e-08,3.58005716512e-08,3.29374711115e-08,3.03121219034e-08,2.79045425983e-08,2.56964500777e-08,2.36711118943e-08,2.1813211087e-08,2.01087221243e-08,1.85447966656e-08,1.71096578526e-08,1.57925016902e-08,1.45834039487e-08,1.34732306968e-08,1.24535501206e-08,1.15165425763e-08,1.06549047009e-08,9.86174192869e-09,9.13044131156e-09,8.45451330591e-09,7.82738635697e-09,7.24213151554e-09,6.69108583142e-09,6.16533404547e-09,5.65400348584e-09,5.14334204224e-09,4.61560591568e-09,4.04778259698e-09,3.40887491901e-09,2.64538076919e-09,6.97097614709e-10,0
0,1.17101022671e-104,1.90087549484e-104,1.64589206349e-104,1.18089452369e-104,7.85156501991e-105,5.08218847334e-105,3.30276708915e-105,2.21905061862e-105,1.60070471195e-105,1.29487472075e-105,1.20087023406e-105,1.23604761735e-105,1.29708662751e-105,1.22260258863e-105,7.94286777727e-106,-1.3342504458e-106,-0.000640800102288,-0.000602216758015,-0.000469422522166,-0.000357106614396,-0.000258522437717,-0.000161511720156,-4.98988026578e-05,9.48350726348e-05,0.000283463211096,0.000499365036499,0.000701900415611,0.000848230287969,0.000914360553704,0.000899779512043,0.000820924265407,0.000703411888979,0.000572645355851,0.000447052242998,0.000337322756509,0.000248072545255,0.000179763017613,0.000130357323939,9.65955619227e-05,7.48853105015e-05,6.18562269306e-05,5.46514530515e-05,5.10323227242e-05,4.9364317367e-05,4.85379770188e-05,4.78631324701e-05,4.69611181216e-05,4.56688050778e-05,4.39605777449e-05,4.18893997441e-05,3.9545275358e-05,3.70280900016e-05,3.44314723367e-05,3.18345483686e-05,2.92989610728e-05,2.68691167877e-05,2.45741796083e-05,2.24308113595e-05,2.04460283872e-05,1.86198201924e-05,1.69473627975e-05,1.54207796398e-05,1.40304725096e-05,1.27660800279e-05,1.16171336657e-05,1.05734804696e-05,9.62553382564e-06,8.76440291829e-06,7.98194052615e-06,7.27073879776e-06,6.62409426046e-06,6.03595667083e-06,5.50087129309e-06,5.01392055143e-06,4.57066846873e-06,4.16710961459e-06,3.79962321287e-06,3.46493241968e-06,3.16006843556e-06,2.88233895633e-06,2.62930042253e-06,2.39873354702e-06,2.18862165191e-06,1.9971314099e-06,1.82259564832e-06,1.66349793281e-06,1.51845869706e-06,1.3862227264e-06,1.26564783614e-06,1.15569461199e-06,1.05541710038e-06,9.63954352727e-07,8.8052274056e-07,8.04408968509e-07,7.34963720381e-07,6.7159588043e-07,6.13767277651e-07,5.60987905882e-07,5.12811576825e-07,4.68831966987e-07,4.28679023021e-07,3.92015693072e-07,3.58534954608e-07,3.27957111871e-07,3.00027338456e-07,2.74513442699e-07,2.51203835626e-07,2.29905682971e-07,2.10443224518e-07,1.92656245487e-07,1.76398686119e-07,1.61537376876e-07,1.47950887775e-07,1.3552848152e-07,1.2416916093e-07,1.13780802138e-07,1.04279365729e-07,9.55881787714e-08,8.76372812943e-08,8.03628313644e-08,7.37065634811e-08,6.7615295429e-08,6.20404792441e-08,5.69377922736e-08,5.22667647397e-08,4.79904404967e-08,4.40750679839e-08,4.04898186892e-08,3.72065305715e-08,3.41994742823e-08,3.14451400421e-08,2.89220433599e-08,2.66105478451e-08,2.44927035561e-08,2.25520994335e-08,2.07737284454e-08,1.91438642347e-08,1.76499479999e-08,1.62804844436e-08,1.50249455896e-08,1.38736811701e-08,1.28178341643e-08,1.18492597836e-08,1.09604458144e-08,1.01444315793e-08,9.39472183508e-09,8.70519055915e-09,8.06996747134e-09,7.48329725565e-09,6.93935721307e-09,6.43201327062e-09,5.95448702295e-09,5.49889867224e-09,5.05564795525e-09,4.61261123297e-09,4.15419164927e-09,3.66028373072e-09,3.10396462828e-09,2.43550361734e-09,7.38211296289e-10,0
0,8.61359549762e-105,1.49224067074e-104,1.30382027137e-104,9.32758311852e-105,6.16567430015e-105,3.96817344312e-105,2.56738574047e-105,1.72041373754e-105,1.24041863828e-105,1.00533390462e-105,9.35765748212e-106,9.66573794838e-106,1.01493219629e-105,9.49512710601e-106,5.91964515439e-106,-1.75370431667e-106,-0.00052077300806,-0.000517844994103,-0.000425463030839,-0.000341810825571,-0.000267558350065,-0.000194852929296,-0.00011066972314,2.11154282705e-06,0.000156605368839,0.000347431247563,0.000540760721094,0.000691770599983,0.000771077152521,0.000774109489081,0.000714359656723,0.000615881488149,0.000503213477987,0.0003938678994,0.000297869894571,0.00021959848599,0.000159626226833,0.000116236775416,8.65847014969e-05,6.75073233064e-05,5.60314176145e-05,4.96391471112e-05,4.63628806537e-05,4.47717358883e-05,4.38995716763e-05,4.31496414295e-05,4.21981815972e-05,4.09091582049e-05,3.92653808345e-05,3.73167751572e-05,3.51441471865e-05,3.28356659043e-05,3.04730391123e-05,2.81245910828e-05,2.58429144233e-05,2.36652983911e-05,2.16156360697e-05,1.97069360496e-05,1.7943894889e-05,1.6325227868e-05,1.48456201654e-05,1.34972648081e-05,1.22710135321e-05,1.11571958952e-05,1.01461715551e-05,9.22867868798e-06,8.39603370239e-06,7.64022733189e-06,6.95395204312e-06,6.33058662081e-06,5.76415626312e-06,5.24928062064e-06,4.78111779794e-06,4.35530917224e-06,3.96792770871e-06,3.61543102357e-06,3.29461955796e-06,3.00259971151e-06,2.73675151996e-06,2.49470035336e-06,2.27429209728e-06,2.07357131556e-06,1.8907619524e-06,1.7242501972e-06,1.57256919838e-06,1.43438536816e-06,1.30848606714e-06,1.19376849566e-06,1.08922964944e-06,9.93957220741e-07,9.07121345089e-07,8.27967107961e-07,7.55807737301e-07,6.9001841683e-07,6.3003066239e-07,5.7532720964e-07,5.25437366584e-07,4.79932788787e-07,4.38423639e-07,4.0055509643e-07,3.66004183964e-07,3.34476884449e-07,3.05705519776e-07,2.79446368778e-07,2.55477502207e-07,2.33596814883e-07,2.13620237038e-07,1.95380108432e-07,1.78723700322e-07,1.63511871792e-07,1.4961784809e-07,1.36926109852e-07,1.25331383037e-07,1.14737720379e-07,1.05057665994e-07,9.62114955472e-08,8.81265250753e-08,8.0736482232e-08,7.3980934235e-08,6.78047673797e-08,6.21577134237e-08,5.69939185645e-08,5.22715511732e-08,4.79524447414e-08,4.4001772856e-08,4.0387753312e-08,3.70813786952e-08,3.40561710822e-08,3.12879586108e-08,2.87546720157e-08,2.64361592335e-08,2.43140165136e-08,2.23714344588e-08,2.05930576579e-08,1.89648566172e-08,1.74740108021e-08,1.61088017172e-08,1.48585149207e-08,1.37133499594e-08,1.26643371698e-08,1.17032602274e-08,1.08225832102e-08,1.00153807106e-08,9.27526918721e-09,8.59633720466e-09,7.97307141907e-09,7.40027394062e-09,6.87296500088e-09,6.38626228185e-09,5.93522475253e-09,5.51464385103e-09,5.11875882676e-09,4.74086660728e-09,4.3727950063e-09,4.0042241617e-09,3.62190180846e-09,3.20888105027e-09,2.74304603572e-09,2.18240883276e-09,7.49450678715e-10,0
0,6.05886435689e-105,1.12537568688e-104,9.91243352293e-105,7.06447681144e-105,4.63969595418e-105,2.9678277892e-105,1.91120750233e-105,1.27721688008e-105,9.20512769449e-106,7.47700264941e-106,6.98868520109e-106,7.24926607048e-106,7.62367668218e-106,7.08855185594e-106,4.24597429691e-106,-1.81395304586e-106,-0.000401626298535,-0.000419707491728,-0.000361081278473,-0.000302883151522,-0.000250571708181,-0.000199713825926,-0.00014023186669,-5.72646615489e-05,6.23462984262e-05,0.000218844264611,0.000388928563635,0.000535505332731,0.00062306392374,0.000640899398272,0.000598687886007,0.00051863764968,0.000424301469736,0.000331984896251,0.000250764814458,0.000184581350055,0.00013398738773,9.75139121101e-05,7.27020930643e-05,5.68233055216e-05,4.73247977215e-05,4.2058961234e-05,3.9360365683e-05,3.80283995563e-05,3.72605882076e-05,3.65676967612e-05,3.56896537227e-05,3.45222950133e-05,3.30588661936e-05,3.1346549335e-05,2.94563230375e-05,2.74636376325e-05,2.5437253107e-05,2.34338347618e-05,2.14963233029e-05,1.96545606409e-05,1.79270843629e-05,1.63233656727e-05,1.48460461737e-05,1.34929320011e-05,1.22586411209e-05,1.11358853676e-05,1.01164169316e-05,9.19169147835e-06,8.35330630957e-06,7.59326888137e-06,6.90414331018e-06,6.27911325446e-06,5.71199052912e-06,5.1971908865e-06,4.7296919296e-06,4.30498312212e-06,3.91901417058e-06,3.5681454473e-06,3.24910236186e-06,2.95893445636e-06,2.69497931545e-06,2.4548310037e-06,2.23631256353e-06,2.03745205061e-06,1.85646159712e-06,1.69171904273e-06,1.54175173601e-06,1.40522217373e-06,1.28091520437e-06,1.16772657305e-06,1.06465262718e-06,9.70781035721e-07,8.85282401251e-07,8.07402665004e-07,7.36456220461e-07,6.71819663727e-07,6.1292611838e-07,5.59260080155e-07,5.10352732949e-07,4.65777692735e-07,4.25147140277e-07,3.88108307222e-07,3.54340283451e-07,3.23551116423e-07,2.95475175961e-07,2.69870760198e-07,2.46517920671e-07,2.25216486461e-07,2.05784269155e-07,1.8805543199e-07,1.71879008121e-07,1.57117554284e-07,1.43645927401e-07,1.31350172846e-07,1.20126514065e-07,1.09880434281e-07,1.00525841796e-07,9.19843112183e-08,8.41843936743e-08,7.70609896416e-08,7.05547787129e-08,6.46117010454e-08,5.9182485787e-08,5.42222221766e-08,4.9689969443e-08,4.55484019288e-08,4.17634862609e-08,3.83041876341e-08,3.5142202552e-08,3.22517156326e-08,2.96091782794e-08,2.71931072361e-08,2.49839012062e-08,2.29636739215e-08,2.11161021108e-08,1.94262870645e-08,1.78806285067e-08,1.64667096445e-08,1.51731923448e-08,1.39897214561e-08,1.29068373703e-08,1.19158959417e-08,1.10089949082e-08,1.01789059459e-08,9.41901145129e-09,8.72324501538e-09,8.08603440652e-09,7.50224555394e-09,6.96712561376e-09,6.47624254213e-09,6.02541756772e-09,5.61064560291e-09,5.22799649129e-09,4.87348712009e-09,4.54291035803e-09,4.23160186723e-09,3.93412072527e-09,3.64381895804e-09,3.3522898985e-09,3.04874540421e-09,2.71952505102e-09,2.34775950412e-09,1.90342636145e-09,7.29500360301e-10,0
0,4.00810901852e-105,8.0355684698e-105,7.12606348763e-105,5.05367565374e-105,3.29537318911e-105,2.09412690987e-105,1.34195084795e-105,8.9429005199e-106,6.44352350334e-106,5.24713907068e-106,4.92770844387e-106,5.13695312603e-106,5.4161734071e-106,5.01295369331e-106,2.89076621687e-106,-1.61810032652e-106,-0.000289855836719,-0.000316825759518,-0.000284310053142,-0.000247208669836,-0.000213400798675,-0.000180982461977,-0.000142602247878,-8.61036449828e-05,5.69600924107e-07,0.000120588250668,0.000258358954653,0.000385779281928,0.000473119730981,0.000502278835698,0.000476012677902,0.000413814660873,0.000338093920879,0.000263612194415,0.000198182018851,0.000145094822846,0.000104763628318,7.59149433779e-05,5.64727370806e-05,4.41669803969e-05,3.69017867429e-05,3.29365870993e-05,3.09391138674e-05,2.9961909344e-05,2.9381242847e-05,2.88241228964e-05,2.8098323647e-05,2.71327353486e-05,2.59305229843e-05,2.45348120972e-05,2.30052343504e-05,2.14031409056e-05,1.9783272955e-05,1.81899293506e-05,1.66560379621e-05,1.52039245336e-05,1.38469255302e-05,1.25912834951e-05,1.14379875596e-05,1.03843822496e-05,9.42547474486e-06,8.55493629543e-06,7.76582912736e-06,7.05110566468e-06,6.40392990399e-06,5.81786682755e-06,5.28697857294e-06,4.8058580318e-06,4.36962295197e-06,3.97388710512e-06,3.61471986374e-06,3.2886015645e-06,2.9923791585e-06,2.72322465323e-06,2.47859753211e-06,2.2562115119e-06,2.0540055192e-06,1.87011851881e-06,1.7028677257e-06,1.55072971845e-06,1.41232400535e-06,1.28639864994e-06,1.17181762347e-06,1.06754961049e-06,9.72658045558e-07,8.86292201732e-07,8.07679187264e-07,7.3611673389e-07,6.7096668188e-07,6.11649083381e-07,5.57636858178e-07,5.08450945706e-07,4.63655904668e-07,4.22855917577e-07,3.8569116229e-07,3.51834516629e-07,3.20988565479e-07,2.92882882691e-07,2.67271562656e-07,2.43930978698e-07,2.22657747532e-07,2.03266880828e-07,1.85590106723e-07,1.6947434558e-07,1.54780325824e-07,1.41381326884e-07,1.29162037526e-07,1.18017518909e-07,1.07852262693e-07,9.85793354202e-08,9.0119601205e-08,8.2401015507e-08,7.53579834346e-08,6.89307766319e-08,6.30650033581e-08,5.77111268563e-08,5.28240275934e-08,4.83626053237e-08,4.42894173301e-08,4.05703495188e-08,3.7174317379e-08,3.40729940437e-08,3.12405629955e-08,2.86534931592e-08,2.62903343308e-08,2.41315310922e-08,2.21592535283e-08,2.03572432006e-08,1.87106730013e-08,1.72060196123e-08,1.58309474084e-08,1.45742027719e-08,1.34255178539e-08,1.23755228833e-08,1.14156662475e-08,1.05381415657e-08,9.7358210642e-09,9.00219458166e-09,8.33131354338e-09,7.71773922634e-09,7.15649463388e-09,6.64301916364e-09,6.1731251697e-09,5.7429552448e-09,5.34893873647e-09,4.98774551376e-09,4.65623417285e-09,4.35139085766e-09,4.07025316572e-09,3.80981143449e-09,3.56687652102e-09,3.33789940917e-09,3.1187240961e-09,2.90425471316e-09,2.68803021864e-09,2.46175456118e-09,2.21503520127e-09,1.93621640081e-09,1.61065828645e-09,6.77646145184e-10,0
0,2.42552731623e-105,5.30060325185e-105,4.72512429461e-105,3.32978781505e-105,2.15392757269e-105,1.3591347736e-105,8.66460777567e-106,5.75771249224e-106,4.1479976167e-106,3.387722542e-106,3.19860457549e-106,3.35395324338e-106,3.54950187144e-106,3.27610110343e-106,1.82394664111e-106,-1.26468287975e-106,-0.00019111464471,-0.00021763001932,-0.000203291232852,-0.000182321294957,-0.00016290636799,-0.000144803657839,-0.00012313922762,-8.87557361974e-05,-3.15806944355e-05,5.27924434735e-05,0.000154801391795,0.000254272742116,0.000328408112024,0.000361589469069,0.000349474828791,0.000304898527407,0.000248186046625,0.000192245124794,0.000143365717114,0.0001040355677,7.44615237296e-05,5.35609596458e-05,3.96710481027e-05,3.10235885662e-05,2.60207266238e-05,2.33606642868e-05,2.20648870284e-05,2.14500457024e-05,2.10751702532e-05,2.06832512758e-05,2.01474576132e-05,1.94265107981e-05,1.85303486507e-05,1.74954056263e-05,1.63680088575e-05,1.51941323255e-05,1.40138155061e-05,1.28587807387e-05,1.17520766935e-05,1.07088720453e-05,9.73778830529e-06,8.84237701214e-06,8.02251038649e-06,7.27557030489e-06,6.59739625034e-06,5.98299813219e-06,5.42706336607e-06,4.92429675551e-06,4.46963219366e-06,4.05835105194e-06,3.68613602077e-06,3.34908274667e-06,3.04368575853e-06,2.76681028454e-06,2.51565772297e-06,2.28772966911e-06,2.08079336633e-06,1.89285006866e-06,1.72210691405e-06,1.56695237045e-06,1.42593502209e-06,1.29774532483e-06,1.18119991922e-06,1.07522810319e-06,9.78860108314e-07,8.91216875429e-07,8.115010778e-07,7.38989187541e-07,6.73024421799e-07,6.1301043832e-07,5.58405676461e-07,5.08718260213e-07,4.6350139546e-07,4.22349205667e-07,3.84892959216e-07,3.50797648516e-07,3.19758886359e-07,2.91500089192e-07,2.65769920369e-07,2.42339969236e-07,2.21002644307e-07,2.01569260824e-07,1.83868304821e-07,1.67743857451e-07,1.53054164814e-07,1.39670339822e-07,1.27475183923e-07,1.16362117555e-07,1.06234209268e-07,9.70032943494e-08,8.85891746494e-08,8.09188920768e-08,7.39260689127e-08,6.75503087719e-08,6.17366525532e-08,5.64350843277e-08,5.16000825068e-08,4.71902121334e-08,4.31677544668e-08,3.94983704479e-08,3.61507949012e-08,3.30965586554e-08,3.03097359998e-08,2.77667151519e-08,2.54459896348e-08,2.3327968618e-08,2.13948045068e-08,1.96302361883e-08,1.80194464963e-08,1.65489326005e-08,1.52063881401e-08,1.39805960079e-08,1.28613308424e-08,1.18392703019e-08,1.0905914347e-08,1.00535117708e-08,9.27499332638e-09,8.56391081269e-09,7.91438157505e-09,7.32103788062e-09,6.77898067215e-09,6.28373725022e-09,5.83122239641e-09,5.41770247868e-09,5.03976204666e-09,4.69427235055e-09,4.37836114009e-09,4.08938290789e-09,3.82488852936e-09,3.58259287472e-09,3.36033839644e-09,3.15605195425e-09,2.96769093498e-09,2.79317315302e-09,2.6302827631e-09,2.47654168803e-09,2.32903332192e-09,2.18416489569e-09,2.0373640067e-09,1.88274810828e-09,1.71301796649e-09,1.52111722364e-09,1.30874156286e-09,5.93496069633e-10,0
0,1.27531434627e-105,3.08403735671e-105,2.75798801202e-105,1.92773872176e-105,1.2356754052e-105,7.73736594976e-106,4.9055953911e-106,3.25028545801e-106,2.34171932866e-106,1.9190431026e-106,1.82308485363e-106,1.92482409902e-106,2.04749563005e-106,1.88844543824e-106,1.01877508439e-106,-8.44699324239e-107,-0.000109985781768,-0.000129966292103,-0.000126306707152,-0.000116431620346,-0.000107088677244,-9.88605960216e-05,-8.90011448401e-05,-7.1478119011e-05,-3.89213558322e-05,1.29754431914e-05,7.92364826192e-05,0.000146924849156,0.000200236040741,0.000227730463361,0.000225051520666,0.000197631696849,0.000160115424901,0.000122899536363,9.06347665783e-05,6.49829025941e-05,4.59664474084e-05,3.27422195702e-05,2.41140199933e-05,1.88578796727e-05,1.58990201535e-05,1.43830705595e-05,1.36821555754e-05,1.33674152238e-05,1.31687704476e-05,1.29338198166e-05,1.25916494411e-05,1.2123689957e-05,1.15417928176e-05,1.08727507581e-05,1.01481075651e-05,9.39803141489e-06,8.64812004165e-06,7.91818109146e-06,7.2222347198e-06,6.56918421956e-06,5.96377439782e-06,5.40759739876e-06,4.90001025664e-06,4.43890108679e-06,4.02128732314e-06,3.64375623601e-06,3.30277105283e-06,2.99487023851e-06,2.71678655312e-06,2.46550896158e-06,2.2383059832e-06,2.03272461369e-06,1.84657503132e-06,1.67790810583e-06,1.52499027842e-06,1.38627859408e-06,1.26039742429e-06,1.14611759685e-06,1.04233813691e-06,9.48070528017e-07,8.62425251304e-07,7.84600302581e-07,7.13871382211e-07,6.49583477462e-07,5.91143594176e-07,5.38014434934e-07,4.89708858903e-07,4.4578499169e-07,4.05841881063e-07,3.69515616352e-07,3.36475846558e-07,3.06422645318e-07,2.79083680786e-07,2.54211655976e-07,2.31581990716e-07,2.10990720623e-07,1.92252591787e-07,1.75199332412e-07,1.59678084761e-07,1.45549982463e-07,1.32688859701e-07,1.20980080083e-07,1.10319474126e-07,1.00612375287e-07,9.17727454106e-08,8.37223812722e-08,7.63901946849e-08,6.97115593064e-08,6.36277179292e-08,5.80852446224e-08,5.30355565933e-08,4.84344711473e-08,4.42418035348e-08,4.04210018829e-08,3.69388157442e-08,3.37649951698e-08,3.08720174324e-08,2.82348388703e-08,2.5830669495e-08,2.36387682711e-08,2.16402571525e-08,1.98179521464e-08,1.81562098196e-08,1.66407878334e-08,1.52587182245e-08,1.39981922284e-08,1.28484556175e-08,1.17997135664e-08,1.0843044171e-08,9.97031983559e-09,9.17413580359e-09,8.44774516447e-09,7.7849997638e-09,7.18029645228e-09,6.62852819907e-09,6.12503961076e-09,5.66558645357e-09,5.24629879352e-09,4.86364742293e-09,4.51441324265e-09,4.19565929568e-09,3.90470518149e-09,3.63910354921e-09,3.39661838819e-09,3.17520481171e-09,2.97298999134e-09,2.78825482929e-09,2.61941585702e-09,2.46500670824e-09,2.32365826087e-09,2.19407621315e-09,2.0750143594e-09,1.96524109681e-09,1.8634956919e-09,1.76842941778e-09,1.67852494896e-09,1.5919856424e-09,1.50658604941e-09,1.41948056927e-09,1.326995398e-09,1.2245954196e-09,1.10869400892e-09,9.93828049438e-10,4.76611716763e-10,0
0,5.19021849084e-106,1.42640993102e-105,1.27634621247e-105,8.82488685681e-106,5.59590123936e-106,3.47347360417e-106,2.18891610357e-106,1.44583271035e-106,1.04199964277e-106,8.57460904766e-107,8.20571533779e-107,8.73663878637e-107,9.35848813098e-107,8.64742524174e-107,4.53956911885e-107,-4.41370961555e-107,-4.98044881132e-05,-6.08340949592e-05,-6.16035399229e-05,-5.82412670064e-05,-5.49430423002e-05,-5.2384397513e-05,-4.94209553161e-05,-4.29484412422e-05,-2.87064397076e-05,-3.59303282263e-06,3.05395244123e-05,6.70351780017e-05,9.70029642524e-05,0.000113679005308,0.00011442986379,0.000101385460488,8.18327384962e-05,6.21426632781e-05,4.51970106324e-05,3.19197354748e-05,2.22509690248e-05,1.56614101577e-05,1.14592869331e-05,8.96824538111e-06,7.61457488038e-06,6.95540504744e-06,6.67378965327e-06,6.55878536133e-06,6.48133688908e-06,6.3714907934e-06,6.19923654474e-06,5.9595541732e-06,5.66143022612e-06,5.32026343563e-06,4.95297801695e-06,4.57517666155e-06,4.19973939386e-06,3.83637710737e-06,3.49175936372e-06,3.16994084276e-06,2.87290093898e-06,2.6010824388e-06,2.35386772823e-06,2.12996671521e-06,1.92771290036e-06,1.74527631177e-06,1.58080749587e-06,1.43252797439e-06,1.29878141492e-06,1.17805749674e-06,1.06899788629e-06,9.70391315873e-07,8.81162700258e-07,8.00359593055e-07,7.27138061699e-07,6.60749188226e-07,6.00526812337e-07,5.45876754377e-07,4.9626752889e-07,4.51222436485e-07,4.10312866252e-07,3.73152626741e-07,3.39393132351e-07,3.08719292109e-07,2.80845971775e-07,2.55514923912e-07,2.3249210174e-07,2.11565290473e-07,1.92542004329e-07,1.75247608712e-07,1.59523635775e-07,1.45226268167e-07,1.32224970603e-07,1.20401252608e-07,1.09647548463e-07,9.98662024298e-08,9.09685489426e-08,8.28740786355e-08,7.55096821122e-08,6.88089641814e-08,6.27116219916e-08,5.71628811162e-08,5.21129841951e-08,4.75167272354e-08,4.33330391183e-08,3.95246002709e-08,3.60574968417e-08,3.29009070452e-08,3.00268166599e-08,2.74097609538e-08,2.50265905488e-08,2.2856258989e-08,2.08796299783e-08,1.90793024496e-08,1.743945179e-08,1.59456857335e-08,1.45849135323e-08,1.33452271887e-08,1.22157936134e-08,1.11867567003e-08,1.02491484004e-08,9.39480795952e-09,8.61630855738e-09,7.90689067107e-09,7.2604015456e-09,6.67124019239e-09,6.1343074216e-09,5.64496043825e-09,5.19897157559e-09,4.79249079856e-09,4.42201161962e-09,4.08434011358e-09,3.77656675567e-09,3.49604080896e-09,3.24034703869e-09,3.00728452812e-09,2.79484740898e-09,2.60120731723e-09,2.42469741521e-09,2.26379782769e-09,2.11712233462e-09,1.98340620335e-09,1.86149500176e-09,1.75033426756e-09,1.64895987702e-09,1.55648895059e-09,1.47211109164e-09,1.39507970419e-09,1.32470307034e-09,1.26033473296e-09,1.2013625748e-09,1.14719572594e-09,1.09724806854e-09,1.05091660894e-09,1.00755226824e-09,9.66419783155e-10,9.26642490205e-10,8.87127577326e-10,8.46469913384e-10,8.02845983844e-10,7.5399818196e-10,6.98475205229e-10,6.54647618673e-10,3.26078642569e-10,0
0,1.12175274102e-106,3.77300119786e-106,3.36370004287e-106,2.28658926557e-106,1.42798834577e-106,8.75977629653e-107,5.47660723984e-107,3.60363497756e-107,2.59919569787e-107,2.15173969737e-107,2.08066059404e-107,2.24227056223e-107,2.42834086979e-107,2.25746246204e-107,1.15695040731e-107,-1.33138806283e-107,-1.2709845467e-05,-1.60352936257e-05,-1.70792056611e-05,-1.65809434451e-05,-1.60456633714e-05,-1.57897234873e-05,-1.55828263808e-05,-1.45308638467e-05,-1.12123340978e-05,-4.3494490414e-06,5.80016671185e-06,1.72486761089e-05,2.7014004968e-05,3.27240066465e-05,3.35012843532e-05,2.99277649724e-05,2.40789341655e-05,1.80532297499e-05,1.28986494536e-05,8.93038491211e-06,6.10604161732e-06,4.2313204058e-06,3.07160969509e-06,2.40918579701e-06,2.06696220875e-06,1.9130968455e-06,1.85628978128e-06,1.8377266802e-06,1.8227566181e-06,1.79362734211e-06,1.74367406654e-06,1.67293918171e-06,1.5850401559e-06,1.48505709761e-06,1.37821199687e-06,1.269131712e-06,1.16151628796e-06,1.05806816845e-06,9.60572376722e-07,8.70049526981e-07,7.86930371466e-07,7.1122150509e-07,6.42646913412e-07,5.80760029284e-07,5.25026942058e-07,4.74884494754e-07,4.29778183095e-07,3.89184799517e-07,3.52624192049e-07,3.19663692875e-07,2.89917930375e-07,2.63045985385e-07,2.38747234557e-07,2.16756748391e-07,1.96840765283e-07,1.78792523273e-07,1.62428573971e-07,1.4758560639e-07,1.34117753802e-07,1.21894330064e-07,1.10797932614e-07,1.00722850298e-07,9.15737202541e-08,8.32643863759e-08,7.57169203547e-08,6.88607741801e-08,6.26320396515e-08,5.69727959554e-08,5.18305306793e-08,4.71576229463e-08,4.29108798635e-08,3.90511193348e-08,3.5542793642e-08,3.23536492254e-08,2.94544188188e-08,2.68185426639e-08,2.44219159496e-08,2.22426599591e-08,2.02609146769e-08,1.84586508385e-08,1.68194996024e-08,1.53285981863e-08,1.39724499768e-08,1.27387977481e-08,1.16165087579e-08,1.05954706009e-08,9.6664968052e-09,8.8212412512e-09,8.05212057981e-09,7.35224383964e-09,6.71534868447e-09,6.13574350876e-09,5.60825496073e-09,5.12818032823e-09,4.69124433606e-09,4.29355994902e-09,3.93159279837e-09,3.60212889755e-09,3.30224533802e-09,3.02928368788e-09,2.78082584269e-09,2.5546721e-09,2.34882124977e-09,2.16145249447e-09,1.99090903197e-09,1.83568314231e-09,1.69440264202e-09,1.56581858292e-09,1.44879407013e-09,1.34229410963e-09,1.24537638005e-09,1.15718284628e-09,1.07693214084e-09,1.00391263502e-09,9.37476144006e-10,8.77032199331e-10,8.22042842358e-10,7.72017884519e-10,7.26510591038e-10,6.85113749118e-10,6.47456073822e-10,6.13198922671e-10,5.82033274135e-10,5.53676935008e-10,5.27871934201e-10,5.04382057221e-10,4.82990463431e-10,4.63497314017e-10,4.45717321287e-10,4.29477087695e-10,4.14612061285e-10,4.00962858541e-10,3.88370601093e-10,3.76670768573e-10,3.65684861455e-10,3.55208917939e-10,3.44997649787e-10,3.34742877341e-10,3.24045550007e-10,3.12383836747e-10,2.99101090221e-10,2.83791705888e-10,2.76988652036e-10,1.40145911191e-10,0
0,0,0,0,0,0,0,0,0,0,0,0,0,0,0,0,0,0,0,0,0,0,0,0,0,0,0,0,0,0,0,0,0,0,0,0,0,0,0,0,0,0,0,0,0,0,0,0,0,0,0,0,0,0,0,0,0,0,0,0,0,0,0,0,0,0,0,0,0,0,0,0,0,0,0,0,0,0,0,0,0,0,0,0,0,0,0,0,0,0,0,0,0,0,0,0,0,0,0,0,0,0,0,0,0,0,0,0,0,0,0,0,0,0,0,0,0,0,0,0,0,0,0,0,0,0,0,0,0,0,0,0,0,0,0,0,0,0,0,0,0,0,0,0,0,0,0,0,0,0,0,0,0,0,0,0,0,0,0,0,0,0
